132	Sex	1	249
133	Mohamed Atta	3	1147
134	World Trade Center (1973–2001)	2	875
135	Arch Manning	2	807
136	XXX	1	33
137	Chad Gilbert	1	216
138	Tim Curry	4	1587
139	Avengers: Doomsday	6	2552
140	Katseye	4	1988
141	Alternative for Germany	5	2344
142	Cristiano Ronaldo	10	4887
143	Vicky Krieps	1	296
144	Reacher (TV series)	3	1406
145	Charlie Hunnam	2	661
146	2026 Saxony-Anhalt state election	2	675
147	Mayday (2026 film)	1	219
148	Hijackers in the September 11 attacks	2	768
149	Tom Bateman (actor)	1	200
150	XNXX	1	434
151	Guy Ritchie	2	796
152	Mamitha Baiju	3	1382
153	Hope (2026 film)	1	331
154	Annette Bening	1	279
155	Ed Gein	3	1231
156	Irumudi	1	252
157	John Ternus	1	468
158	2026 in film	6	2930
159	2026 United States elections	2	956
160	Casualties of the September 11 attacks	3	1156
161	Austin Abrams	1	295
162	Tom Cruise	3	1091
163	Roblox	3	1388
