129	Lady Gaga
130	Furious (TV series)
131	Zohran Mamdani
132	Sex
133	Mohamed Atta
134	World Trade Center (1973–2001)
135	Arch Manning
136	XXX
137	Chad Gilbert
138	Tim Curry
139	Avengers: Doomsday
140	Katseye
141	Alternative for Germany
142	Cristiano Ronaldo
143	Vicky Krieps
144	Reacher (TV series)
145	Charlie Hunnam
146	2026 Saxony-Anhalt state election
147	Mayday (2026 film)
148	Hijackers in the September 11 attacks
149	Tom Bateman (actor)
150	XNXX
151	Guy Ritchie
152	Mamitha Baiju
153	Hope (2026 film)
154	Annette Bening
155	Ed Gein
156	Irumudi
157	John Ternus
158	2026 in film
159	2026 United States elections
160	Casualties of the September 11 attacks
161	Austin Abrams
162	Tom Cruise
163	Roblox
164	World War II
165	MobLand
166	Warren Beatty
167	Tom Holland
168	Nicole Kidman
169	American Airlines Flight 11
170	Riley Green
171	Kaley Cuoco
172	UFC 331
173	Opinion polling for the next United Kingdom general election
174	Constance Fisher
175	Ryan Garcia
176	Sitee
177	Andy Burnham
178	Mariska Hargitay
179	Houthis
180	Dario Amodei
181	Theranos
182	Death of Nolan Wells
183	Resident Evil (film series)
184	Lionel Messi
185	Lance Oppenheim
186	XXXXX (album)
187	Murder of Tupac Shakur
188	Dorothy (film)
189	Bryan Shelton
190	JJ Gabriel
191	Taylor Swift
192	James Talarico
193	Hasan Piker
194	Jeffrey Dahmer
195	Elizabeth II
196	Charles Spencer, 9th Earl Spencer
197	2026 Formula One World Championship
198	Ella Langley
199	Benjamin Netanyahu
200	Resident Evil
203	Ruth Kearney
204	Tom Pelphrey
205	Google
206	Elon Musk
207	Madonna
208	Maria Sten
209	American Horror Story
210	Elizabeth Báthory
211	American Horror Story: 13
212	DC (film)
213	Haiwaan (film)
214	Zach Cregger
215	Artificial intelligence
216	United Kingdom
217	Anne Hathaway
218	Keri Russell
219	Tupac Shakur
220	Jenna Dewan
221	Alice Weidel
222	european election 2014
223	Bigg Boss (Tamil TV series) season 10
224	List of highest-grossing Malayalam films
225	Miley Cyrus
226	Labor Day
227	Nigella Lawson
228	2026 US Open – Men's singles
229	Stella Lefty
230	Coco Gauff
231	Navier–Stokes equations
232	Sarah Paulson
233	Facebook
234	Andrea Yates
235	Mitch McConnell
236	Z-Library
237	Anthony Bourdain
238	The Uprising (2026 film)
239	List of American films of 2026
240	Adolf Hitler
241	Charles III
242	Abdul El-Sayed
243	Sam Altman
244	Khalid Sheikh Mohammed
245	Rebecca Hall
246	Sylvester Stallone
247	Nance O'Neil
248	Verity (novel)
249	Qazi Touqeer
250	Diana, Princess of Wales
251	The Runner (2026 film)
252	Robert Pattinson
