47	The Paradise (2026 Indian film)
48	Donald Trump
58	Pac (wrestler)
59	Macklemore
60	John Tuggle
61	Aryna Sabalenka
62	XXX (film series)
63	XXXX (beer)
64	YouTube
65	United Airlines Flight 93
66	Kaya Scodelario
67	Obsession (2025 film)
68	Charlie Kirk
69	XXX (2002 film)
71	Jeff Bezos
72	Digger (2026 film)
73	The Whisper Man
74	Lioness (American TV series)
75	Alan Ritchson
76	Wikipedia
77	Ted Lasso
78	Cindy Crawford
79	Matthew Rhys
81	Dancing with the Stars (American TV series) season 35
82	Silo (TV series)
83	Practical Magic 2
84	Shailene Woodley
85	Justin Verlander
86	Practical Magic
87	Slow Horses
88	List of Marvel Cinematic Universe films
89	2026 Swedish general election
90	Osama bin Laden
91	Sandra Bullock
92	Nathan Fielder
93	Microdata (HTML)
94	Reacher season 4
95	JSON-LD
96	Michael Jackson
