gem,name_family,identification_source,in_jfrog,jfrog_versions,jfrog_xray_id,in_diffend_corpus,in_wayback_june_metadata,wayback_recovery_status,in_wiki_gem_bridge,wiki_bridge_homepage_uri,wiki_bridge_info,wave_inference
a----00proxy38998,proxy-4dash,grammar:family=proxy-4dash,True,0.0.1,XRAY-1078992,False,False,,True,https://www.sec.gov/files/county.json?filename=x.txt,Public transformation references,june-18
a----00proxy43876,proxy-4dash,grammar:family=proxy-4dash,True,0.0.1,XRAY-1077961,False,True,removal-notice-only,True,[operational URL omitted; host=r.jina.ai; sha256=33080965293b4687096f76fe28e60720d44940e286e28319924b92dae5ae0250],Public transformation references,june-18
a----00proxy83005,proxy-4dash,grammar:family=proxy-4dash,True,0.0.1,XRAY-1079068,False,False,,True,https://validator.w3.org/nu/?doc=https%3A%2F%2Fwww.sec.gov%2Ffiles%2Fcounty.json,Public transformation references,june-18
a----00proxy90278,proxy-4dash,grammar:family=proxy-4dash,True,0.0.1,XRAY-1079030,False,False,,True,https://api.allorigins.win/raw?url=https%3A%2F%2Fwww.sec.gov%2Ffiles%2Fcounty.json,Public transformation references,june-18
a----00proxy93049,proxy-4dash,grammar:family=proxy-4dash,True,0.0.1,XRAY-1079044,False,False,,True,[operational URL omitted; host=r.jina.ai; sha256=fecb2936c1c88398cf214a1012c98012419ce24beaa9a64505e956e425e7a593],Public transformation references,june-18
a--00cfmapjson726,cfmapjson-2dash,grammar:family=cfmapjson-2dash,True,0.0.1,XRAY-1077958,False,True,removal-notice-only,True,https://www.sec.gov/files/county.json,Reference to public dataset for maps and statistics.,june-18
adep236097,adep,grammar:family=adep,True,0.0.1,XRAY-1077974,False,True,removal-notice-only,True,https://translate.google.com/translate?sl=auto&tl=en&u=https%3A%2F%2Fwww.sec.gov%2Ffiles%2Fcounty.json,Public references,june-18
adep97117,adep,grammar:family=adep,True,0.0.1,XRAY-1077964,False,True,name-only,True,[operational URL omitted; host=r.jina.ai; sha256=33080965293b4687096f76fe28e60720d44940e286e28319924b92dae5ae0250],Reference transport,june-18
amd6002,amd-bare,grammar:family=amd-bare,True,0.0.1,XRAY-1079089,False,False,,True,[operational URL omitted; host=markdown.new; sha256=1201c56d94a68608c0e25ae6435270361850f5a97376d5bdfe27e5c77008247f],T,june-18
amdapi208076,amd-api,grammar:family=amd-api,True,0.0.1,XRAY-1079055,False,False,,True,[operational URL omitted; host=markdown.new; sha256=3c487751fb5fa0c74c81a06dea27395b28162dd2f983d12057161cd10bdd018f],T,june-18
amdapi30894,amd-api,grammar:family=amd-api,True,0.0.1,XRAY-1079097,False,False,,True,[operational URL omitted; host=markdown.new; sha256=3c487751fb5fa0c74c81a06dea27395b28162dd2f983d12057161cd10bdd018f],T,june-18
amdapi577106,amd-api,grammar:family=amd-api,True,0.0.1,XRAY-1079108,False,False,,True,[operational URL omitted; host=markdown.new; sha256=3c487751fb5fa0c74c81a06dea27395b28162dd2f983d12057161cd10bdd018f],T,june-18
amdapi811316,amd-api,grammar:family=amd-api,True,0.0.1,XRAY-1079114,False,False,,True,[operational URL omitted; host=markdown.new; sha256=3c487751fb5fa0c74c81a06dea27395b28162dd2f983d12057161cd10bdd018f],T,june-18
amdmore280320,amd-more,grammar:family=amd-more,True,0.0.1,XRAY-1079112,False,False,,True,https://markdown-new.translate.goog/api?url=https%3A%2F%2Fr.jina.ai%2Fhttps%3A%2F%2Fwww.sec.gov%2Ffiles%2Fcounty.json%3Fx%3D10&_x_tr_sl=auto&_x_tr_tl=en&_x_tr_hl=en,T,june-18
amdmore690849,amd-more,grammar:family=amd-more,True,0.0.1,XRAY-1079046,False,False,,True,https://r-jina-ai.translate.goog/https://www.sec.gov/files/county.json%3Fx%3D10?_x_tr_sl=auto&_x_tr_tl=en&_x_tr_hl=en,T,june-18
amdmore730329,amd-more,grammar:family=amd-more,True,0.0.1,XRAY-1079003,False,False,,True,https://markdown-new.translate.goog/api?url=https://r.jina.ai/https://www.sec.gov/files/county.json%3Fx%3D10&_x_tr_sl=auto&_x_tr_tl=en&_x_tr_hl=en,T,june-18
amdmore778667,amd-more,grammar:family=amd-more,True,0.0.1,XRAY-1078991,False,False,,True,[operational URL omitted; host=r.jina.ai; sha256=5584539d89bce4593fb0f7cf2b83e748600ca25f699aaadb782e2fa6940d463d],T,june-18
amdmore843916,amd-more,grammar:family=amd-more,True,0.0.1,XRAY-1079034,False,False,,True,https://translate.google.com/translate?sl=auto&tl=en&u=https%3A%2F%2Fmarkdown.new%2Fapi%3Furl%3Dhttps%3A%2F%2Fr.jina.ai%2Fhttps%3A%2F%2Fwww.sec.gov%2Ffiles%2Fcounty.json%253Fx%253D10,T,june-18
amdvar134124,amd-var,grammar:family=amd-var,True,0.0.1,XRAY-1079127,False,False,,True,https://www-sec-gov.translate.goog/files/county.json?x=10&_x_tr_sl=auto&_x_tr_tl=en&_x_tr_hl=en,T,june-18
amdvar152054,amd-var,grammar:family=amd-var,True,0.0.1,XRAY-1077973,False,True,removal-notice-only,True,https://translate.google.com/translate?sl=auto&tl=en&u=https%3A%2F%2Fmarkdown.new%2Fapi%3Furl%3Dhttps%253A%252F%252Fr.jina.ai%252Fhttps%253A%252F%252Fwww.sec.gov%252Ffiles%252Fcounty.json%25253Fx%25253D10,T,june-18
amdvar521314,amd-var,grammar:family=amd-var,True,0.0.1,XRAY-1079131,False,False,,True,https://translate.google.com/translate?sl=auto&tl=en&u=https%3A%2F%2Fwww.sec.gov%2Ffiles%2Fcounty.json%3Fx%3D10,T,june-18
amdvar670957,amd-var,grammar:family=amd-var,True,0.0.1,XRAY-1079096,False,False,,True,[operational URL omitted; host=r.jina.ai; sha256=a5f9735b166ab5c513990bb9d671bc633651b3a27cdccd60548f70ce45301a12],T,june-18
amdvar775714,amd-var,grammar:family=amd-var,True,0.0.1,XRAY-1079011,False,False,,True,[operational URL omitted; host=markdown.new; sha256=e6d7e8d8467272c174e93d1f2e3d2e92437fb4640bd70a185918c0c1063b86a3],T,june-18
amdvar877792,amd-var,grammar:family=amd-var,True,0.0.1,XRAY-1079113,False,False,,True,[operational URL omitted; host=r.jina.ai; sha256=0e23fe866c15c881fc84e2ea48a7c60d5efb5dbcba3b9e2a1e117f9ee587f546],T,june-18
amdvar967059,amd-var,grammar:family=amd-var,True,0.0.1,XRAY-1079013,False,False,,True,[operational URL omitted; host=markdown.new; sha256=18d03512989747afa588ed9784a4cb498918f3a450b0764819def3ce6728c7a3],T,june-18
amdvar973520,amd-var,grammar:family=amd-var,True,0.0.1,XRAY-1079107,False,False,,True,https://r-jina-ai.translate.goog/https://www.sec.gov/files/county.json?x=10&_x_tr_sl=auto&_x_tr_tl=en&_x_tr_hl=en,T,june-18
amdvar987523,amd-var,grammar:family=amd-var,True,0.0.1,XRAY-1079071,False,False,,True,[operational URL omitted; host=markdown.new; sha256=b31c90501474b00d4b737b91961f10c1306983c7bd2074f823af26e928076129],T,june-18
amdwc51950,amd-hub,grammar:family=amd-hub,True,0.0.1;0.0.2,XRAY-1079124,False,False,,False,,,june-18
amdwc56692,amd-hub,grammar:family=amd-hub,True,0.0.1,XRAY-1077977,False,True,removal-notice-only,True,https://webcrawlerapi.com/api/playground/content?url=https%3A%2F%2Fr.jina.ai%2Fhttps%3A%2F%2Fwww.sec.gov%2Ffiles%2Fcounty.json%253Fx%253D10,T,june-18
b----00prx57431,prx-4dash,grammar:family=prx-4dash,True,0.0.1,XRAY-1077960,False,True,name-only,True,[operational URL omitted; host=r.jina.ai; sha256=33080965293b4687096f76fe28e60720d44940e286e28319924b92dae5ae0250],Reference transport,june-18
b--00cfjson34493,cfjson-2dash,grammar:family=cfjson-2dash,True,0.0.1,XRAY-1079061,False,False,,True,https://www.sec.gov/files/county.json?z=60809574,Public map dataset reference collection,june-18
c----00prx95921,prx-4dash,grammar:family=prx-4dash,True,0.0.1,XRAY-1079004,False,False,,True,https://api.allorigins.win/raw?url=https%3A%2F%2Fwww.sec.gov%2Ffiles%2Fcounty.json,Reference transport,june-18
c--00cfjson93650,cfjson-2dash,grammar:family=cfjson-2dash,True,0.0.1,XRAY-1079100,False,False,,True,https://www.sec.gov/files/county.json?z=40329237,Public map dataset reference collection,june-18
d----00prx57028,prx-4dash,grammar:family=prx-4dash,True,0.0.1,XRAY-1078998,False,False,,True,[operational URL omitted; host=r.jina.ai; sha256=fecb2936c1c88398cf214a1012c98012419ce24beaa9a64505e956e425e7a593],Reference transport,june-18
d--00cfjson81228,cfjson-2dash,grammar:family=cfjson-2dash,True,0.0.1,XRAY-1079095,False,False,,True,https://www.sec.gov/files/county.json?z=25944798,Public map dataset reference collection,june-18
e----00prx14002,prx-4dash,grammar:family=prx-4dash,True,0.0.1,XRAY-1079058,False,False,,True,https://www.sec.gov/files/county.json?filename=x.txt,Reference transport,june-18
e--00cfjson54623,cfjson-2dash,grammar:family=cfjson-2dash,True,0.0.1,XRAY-1079101,False,False,,True,https://www.sec.gov/files/county.json?z=43043551,Public map dataset reference collection,june-18
f----00prx54170,prx-4dash,grammar:family=prx-4dash,True,0.0.1,XRAY-1079005,False,False,,True,https://validator.w3.org/nu/?doc=https%3A%2F%2Fwww.sec.gov%2Ffiles%2Fcounty.json,Reference transport,june-18
f--00cfjson48784,cfjson-2dash,grammar:family=cfjson-2dash,True,0.0.1,XRAY-1079022,False,False,,True,https://www.sec.gov/files/county.json?z=53665488,Public map dataset reference collection,june-18
g----00prx15127,prx-4dash,grammar:family=prx-4dash,True,0.0.1,XRAY-1077978,False,True,name-only,True,[operational URL omitted; host=r.jina.ai; sha256=33080965293b4687096f76fe28e60720d44940e286e28319924b92dae5ae0250],Reference transport,june-18
g--00cfjson86936,cfjson-2dash,grammar:family=cfjson-2dash,True,0.0.1,XRAY-1079039,False,False,,True,https://www.sec.gov/files/county.json?z=71820336,Public map dataset reference collection,june-18
h----00prx31750,prx-4dash,grammar:family=prx-4dash,True,0.0.1,XRAY-1079056,False,False,,True,https://api.allorigins.win/raw?url=https%3A%2F%2Fwww.sec.gov%2Ffiles%2Fcounty.json,Reference transport,june-18
h--00cfjson93555,cfjson-2dash,grammar:family=cfjson-2dash,True,0.0.1,XRAY-1079012,False,False,,True,https://www.sec.gov/files/county.json?z=43020834,Public map dataset reference collection,june-18
i----00prx82117,prx-4dash,grammar:family=prx-4dash,True,0.0.1,XRAY-1079036,False,False,,True,[operational URL omitted; host=r.jina.ai; sha256=fecb2936c1c88398cf214a1012c98012419ce24beaa9a64505e956e425e7a593],Reference transport,june-18
i--00cfjson53250,cfjson-2dash,grammar:family=cfjson-2dash,True,0.0.1,XRAY-1078996,False,False,,True,https://www.sec.gov/files/county.json?z=48757983,Public map dataset reference collection,june-18
j--00cfjson56761,cfjson-2dash,grammar:family=cfjson-2dash,True,0.0.1,XRAY-1079117,False,False,,True,https://www.sec.gov/files/county.json?z=71472175,Public map dataset reference collection,june-18
k--00cfjson76652,cfjson-2dash,grammar:family=cfjson-2dash,True,0.0.1,XRAY-1079063,False,False,,True,https://www.sec.gov/files/county.json?z=88634104,Public map dataset reference collection,june-18
l----00prx71385,prx-4dash,grammar:family=prx-4dash,True,0.0.1,XRAY-1079078,False,False,,True,https://www.sec.gov/files/county.json?filename=x.txt,Reference transport,june-18
l--00cfjson60781,cfjson-2dash,grammar:family=cfjson-2dash,True,0.0.1,XRAY-1079047,False,False,,True,https://www.sec.gov/files/county.json?z=51609384,Public map dataset reference collection,june-18
m----00prx87585,prx-4dash,grammar:family=prx-4dash,True,0.0.1,XRAY-1079111,False,False,,True,https://validator.w3.org/nu/?doc=https%3A%2F%2Fwww.sec.gov%2Ffiles%2Fcounty.json,Reference transport,june-18
m--00cfproxy47,cfproxy-2dash,grammar:family=cfproxy-2dash,True,0.0.1,XRAY-1077963,False,True,metadata-recovered,True,[operational URL omitted; host=r.jina.ai; sha256=209c5a2b5940c5eda0145caed2fbe669109c5c2de60e379aac79dc53e10b2822],references,june-18
mapanchorcf202704,mapanchor,grammar:family=mapanchor,True,0.0.1,XRAY-1077981,False,True,removal-notice-only,True,https://www.sec.gov/files/county.json,Reference to public dataset for maps and statistics.,june-18
method2088,random-suffix,incident-wiki-citation:random-suffix,True,0.0.1,XRAY-1078997,False,False,,False,,,june-18
n----00prx53386,prx-4dash,grammar:family=prx-4dash,True,0.0.1,XRAY-1077971,False,True,metadata-recovered,True,[operational URL omitted; host=r.jina.ai; sha256=33080965293b4687096f76fe28e60720d44940e286e28319924b92dae5ae0250],Reference transport,june-18
n---00proxy48,proxy-3dash,grammar:family=proxy-3dash,True,0.0.1,XRAY-1077970,False,True,removal-notice-only,True,[operational URL omitted; host=r.jina.ai; sha256=209c5a2b5940c5eda0145caed2fbe669109c5c2de60e379aac79dc53e10b2822],references,june-18
n--00cfjson53121,cfjson-2dash,grammar:family=cfjson-2dash,True,0.0.1,XRAY-1079092,False,False,,True,https://www.sec.gov/files/county.json?z=98889760,Public map dataset reference collection,june-18
o----00prx54063,prx-4dash,grammar:family=prx-4dash,True,0.0.1,XRAY-1079010,False,False,,True,https://api.allorigins.win/raw?url=https%3A%2F%2Fwww.sec.gov%2Ffiles%2Fcounty.json,Reference transport,june-18
o--00cfjson48147,cfjson-2dash,grammar:family=cfjson-2dash,True,0.0.1,XRAY-1079050,False,False,,True,https://www.sec.gov/files/county.json?z=79675143,Public map dataset reference collection,june-18
p----00prx43574,prx-4dash,grammar:family=prx-4dash,True,0.0.1,XRAY-1079016,False,False,,True,[operational URL omitted; host=r.jina.ai; sha256=fecb2936c1c88398cf214a1012c98012419ce24beaa9a64505e956e425e7a593],Reference transport,june-18
p--00cfjson89644,cfjson-2dash,grammar:family=cfjson-2dash,True,0.0.1,XRAY-1079032,False,False,,True,https://www.sec.gov/files/county.json?z=48550454,Public map dataset reference collection,june-18
q----00cfproxy33293,cfproxy-4dash,grammar:family=cfproxy-4dash,True,0.0.1,XRAY-1079043,False,False,,True,[operational URL omitted; host=r.jina.ai; sha256=fecb2936c1c88398cf214a1012c98012419ce24beaa9a64505e956e425e7a593],Public references,june-18
q----00cfproxy42863,cfproxy-4dash,grammar:family=cfproxy-4dash,True,0.0.1,XRAY-1079084,False,False,,True,https://www.google.com/translate?sl=auto%26tl=en%26u=https%3A%2F%2Fwww.sec.gov%2Ffiles%2Fcounty.json,Public references,june-18
q----00cfproxy65680,cfproxy-4dash,grammar:family=cfproxy-4dash,True,0.0.1,XRAY-1077979,False,True,removal-notice-only,True,[operational URL omitted; host=r.jina.ai; sha256=209c5a2b5940c5eda0145caed2fbe669109c5c2de60e379aac79dc53e10b2822],Public references,june-18
q---00cfshapes17215,cfshape-3dash,grammar:family=cfshape-3dash,True,0.0.1,XRAY-1079028,False,False,,True,https://www.sec.gov/files/county.json?a=1,Public dataset references,june-18
q--00cfmapjson726,cfmapjson-2dash,grammar:family=cfmapjson-2dash,True,0.0.1,XRAY-1077972,False,True,metadata-recovered,True,https://www.sec.gov/files/county.json,Reference to public dataset for maps and statistics.,june-18
r--00cfjson19967,cfjson-2dash,grammar:family=cfjson-2dash,True,0.0.1,XRAY-1079121,False,False,,True,https://www.sec.gov/files/county.json?z=25122817,Public map dataset reference collection,june-18
s----00prx94667,prx-4dash,grammar:family=prx-4dash,True,0.0.1,XRAY-1079123,False,False,,True,https://www.sec.gov/files/county.json?filename=x.txt,Reference transport,june-18
s--00cfjson40527,cfjson-2dash,grammar:family=cfjson-2dash,True,0.0.1,XRAY-1079109,False,False,,True,https://www.sec.gov/files/county.json?z=59469352,Public map dataset reference collection,june-18
t----00prx76264,prx-4dash,grammar:family=prx-4dash,True,0.0.1,XRAY-1079249,False,False,,True,https://validator.w3.org/nu/?doc=https%3A%2F%2Fwww.sec.gov%2Ffiles%2Fcounty.json,Reference transport,june-18
t--00cfjson39837,cfjson-2dash,grammar:family=cfjson-2dash,True,0.0.1,XRAY-1079187,False,False,,True,https://www.sec.gov/files/county.json?z=37456404,Public map dataset reference collection,june-18
u--00cfjson87697,cfjson-2dash,grammar:family=cfjson-2dash,True,0.0.1,XRAY-1079265,False,False,,True,https://www.sec.gov/files/county.json?z=81899549,Public map dataset reference collection,june-18
ultimate4834,random-suffix,incident-wiki-citation:random-suffix,True,0.0.1,XRAY-1079196,False,False,,False,,,june-18
v--00cfjson90159,cfjson-2dash,grammar:family=cfjson-2dash,True,0.0.1,XRAY-1079210,False,False,,True,https://www.sec.gov/files/county.json?z=41319495,Public map dataset reference collection,june-18
w--00cfjson92645,cfjson-2dash,grammar:family=cfjson-2dash,True,0.0.1,XRAY-1079233,False,False,,True,https://www.sec.gov/files/county.json?z=28240012,Public map dataset reference collection,june-18
wctest73410,wctest,grammar:family=wctest,True,0.0.1,XRAY-1079154,False,False,,False,,,june-18
x----00prx71338,prx-4dash,grammar:family=prx-4dash,True,0.0.1,XRAY-1077980,False,True,metadata-recovered,True,[operational URL omitted; host=r.jina.ai; sha256=33080965293b4687096f76fe28e60720d44940e286e28319924b92dae5ae0250],Reference transport,june-18
x---00cfshape17180,cfshape-3dash,grammar:family=cfshape-3dash,True,0.0.1,XRAY-1077962,False,True,name-only,True,https://www.sec.gov/files//county.json,Public dataset references,june-18
x--00cfmapjson726,cfmapjson-2dash,grammar:family=cfmapjson-2dash,True,0.0.1,XRAY-1079205,False,False,,True,https://www.sec.gov/files/county.json?ref=home726a,Dataset source references for map research,june-18
y----00prx90485,prx-4dash,grammar:family=prx-4dash,True,0.0.1,XRAY-1079167,False,False,,True,https://api.allorigins.win/raw?url=https%3A%2F%2Fwww.sec.gov%2Ffiles%2Fcounty.json,Reference transport,june-18
y--00cfjson97991,cfjson-2dash,grammar:family=cfjson-2dash,True,0.0.1,XRAY-1079270,False,False,,True,https://www.sec.gov/files/county.json?z=28937814,Public map dataset reference collection,june-18
z----00prx58090,prx-4dash,grammar:family=prx-4dash,True,0.0.1,XRAY-1079200,False,False,,True,[operational URL omitted; host=r.jina.ai; sha256=fecb2936c1c88398cf214a1012c98012419ce24beaa9a64505e956e425e7a593],Reference transport,june-18
z---00cfshape56928,cfshape-3dash,grammar:family=cfshape-3dash,True,0.0.1,XRAY-1079192,False,False,,True,https://www.sec.gov/files/county.txt,Public dataset references,june-18
z--00cfjson84800,cfjson-2dash,grammar:family=cfjson-2dash,True,0.0.1,XRAY-1079271,False,False,,True,https://www.sec.gov/files/county.json?z=63965146,Public map dataset reference collection,june-18
