253	Gal Gadot
254	List of Tamil films of 2026
255	Dakota Johnson
256	Zoe Saldaña
257	Lili Reinhart
258	Weapons (2025 film)
259	Bayeux Tapestry
260	Aaron Rodgers
261	Nahui Ollin
262	Andy Williams (guitarist)
263	Manchester City F.C.
264	Monster (American TV series)
265	Pink (singer)
266	Michael J. Fox
267	Verity (film)
268	Xi Jinping
269	Bonnie Blue
270	Brad Pitt
271	Carrot Top
272	Equal Earth projection
273	Robert De Niro
274	Christian Bale
275	The Mandalorian and Grogu
276	Carlos Alcaraz
277	Jessica Pegula
278	The Love Hypothesis (film)
279	Adéla (singer)
280	2026 Men's European Volleyball Championship
281	India
282	Iva Jovic
283	Money in the Bank (2026)
284	George W. Bush
285	Richard O'Sullivan
286	Bruce Willis
287	Stuart Fails to Save the Universe
288	Presley Gerber
290	I'm Game (film)
291	Sunny Balwani
292	Miku Martineau
293	I, Robot (film)
294	Andrew Garfield
295	Alix Earle
296	Freddie Mercury
297	Dancing with the Stars (American TV series)
298	Ezra Frech
299	Project Hail Mary (film)
300	Celine Dion
302	2026 US Open – Women's singles
303	Kenneth Walker III
304	Katie Taylor
305	Florence Pugh
306	Steve Jobs
307	Emmy Rossum
308	Aaron Pierre (actor)
309	The Early Spring
310	Dungeon Crawler Carl
311	To Catch a Predator
312	Queen Victoria
313	Yom Kippur
314	2026 FIFA World Cup
315	Tilcayo
316	The Blood of Dawnwalker
317	UEFA Nations League
318	Kyle Chandler
319	Scarlett Johansson
320	Barack Obama
321	Tom Hardy
323	Kenneth Branagh
324	Brothers (2026 TV series)
325	Emma Navarro
326	Vinnie Jones
327	Wordle
328	Gary Oldman
329	2026 Yemen offensives
330	David Bale
331	Grand Theft Auto VI
332	Harry Shum Jr.
333	Adults (TV series)
334	Erling Haaland
335	HTTP cookie
336	Pornhub
337	Todd Beamer
338	Wiki
339	Miss World 2026
340	Suicide of Bill Conradt
341	Clint Eastwood
342	Jyothika
343	Keanu Reeves
344	Charles Harrelson
345	Morgan Freeman
346	2026 Russian legislative election
347	Collapse of the World Trade Center
348	Supergirl (2026 film)
349	Olivia Rodrigo
350	Unabomber (film)
351	Josh Allen
352	East of Eden (novel)
353	All Out (2026)
354	The Vvaan: Force of the Forrest
355	XXX: Return of Xander Cage
356	Google Chrome
357	Harald V
358	XHamster
359	China
360	Odyssey
361	Jaxson Dart
362	List of presidents of the United States
363	The Shards (TV series)
364	2026 US Open (tennis)
365	Al-Qaeda
366	Daisy Ridley
367	Toy Story 5
368	Henry VIII
369	Travis Kelce
370	Awarapan 2
371	Welles Crowther
372	2026 Berlin state election
373	Ryan Reynolds
374	2026 United States Senate elections
375	Asian Games
376	Hayley Williams
377	United States midterm election
