rank	title	lines	json_ok	article_match	rank_match	non_increasing	min_ts	max_ts	empty	note
129	Lady Gaga	3631	1	1	1	1	2020-01-01T09:37:12Z	2026-10-04T17:36:14Z	0	
130	Furious (TV series)	183	1	1	1	1	2026-06-28T03:02:52Z	2026-09-26T12:20:23Z	0	
131	Zohran Mamdani	4198	1	1	1	1	2020-07-22T18:31:37Z	2026-10-06T21:06:55Z	0	
132	Sex	249	1	1	1	1	2020-01-29T03:06:41Z	2026-09-21T20:12:19Z	0	
133	Mohamed Atta	1147	1	1	1	1	2020-01-02T18:49:29Z	2026-10-05T18:46:26Z	0	
134	World Trade Center (1973–2001)	875	1	1	1	1	2020-01-02T01:30:20Z	2026-09-27T20:19:46Z	0	
135	Arch Manning	807	1	1	1	1	2020-10-04T02:05:51Z	2026-10-04T00:13:03Z	0	
136	XXX	33	1	1	1	1	2020-05-21T18:53:37Z	2026-09-21T17:20:55Z	0	
137	Chad Gilbert	216	1	1	1	1	2020-01-08T12:58:38Z	2026-09-24T18:59:09Z	0	
138	Tim Curry	1587	1	1	1	1	2020-01-01T04:21:08Z	2026-10-06T06:22:01Z	0	
139	Avengers: Doomsday	2552	1	1	1	1	2020-12-17T18:18:03Z	2026-10-06T20:13:33Z	0	
140	Katseye	1988	1	1	1	1	2023-11-18T04:42:55Z	2026-10-04T09:21:28Z	0	
141	Alternative for Germany	2344	1	1	1	1	2020-01-01T09:32:15Z	2026-10-06T20:30:08Z	0	
142	Cristiano Ronaldo	4887	1	1	1	1	2020-01-03T06:31:53Z	2026-10-06T20:03:23Z	0	
143	Vicky Krieps	296	1	1	1	1	2020-03-01T06:00:15Z	2026-10-04T21:13:58Z	0	
144	Reacher (TV series)	1406	1	1	1	1	2020-01-17T21:24:28Z	2026-09-28T19:56:49Z	0	
145	Charlie Hunnam	661	1	1	1	1	2020-01-01T16:09:10Z	2026-10-05T02:38:52Z	0	
146	2026 Saxony-Anhalt state election	675	1	1	1	1	2022-06-04T19:00:46Z	2026-10-06T18:36:11Z	0	
147	Mayday (2026 film)	219	1	1	1	1	2023-06-08T23:43:05Z	2026-10-04T20:22:24Z	0	
148	Hijackers in the September 11 attacks	768	1	1	1	1	2020-01-04T14:43:23Z	2026-10-05T15:59:10Z	0	
149	Tom Bateman (actor)	200	1	1	1	1	2020-01-01T22:39:45Z	2026-09-30T09:26:52Z	0	
150	XNXX	434	1	1	1	1	2020-06-28T11:53:57Z	2026-10-01T07:55:34Z	0	
151	Guy Ritchie	796	1	1	1	1	2020-01-03T23:59:20Z	2026-09-24T23:47:40Z	0	
152	Mamitha Baiju	1382	1	1	1	1	2021-06-06T07:58:33Z	2026-10-06T19:33:35Z	0	
153	Hope (2026 film)	331	1	1	1	1	2024-10-05T12:18:34Z	2026-10-06T00:35:39Z	0	
154	Annette Bening	279	1	1	1	1	2020-01-05T04:48:48Z	2026-10-06T03:03:36Z	0	
155	Ed Gein	1231	1	1	1	1	2020-01-02T04:31:01Z	2026-10-05T04:29:08Z	0	
156	Irumudi	252	1	1	1	1	2026-07-08T07:02:09Z	2026-10-06T18:46:40Z	0	
157	John Ternus	468	1	1	1	1	2021-03-17T15:22:00Z	2026-10-06T10:16:19Z	0	
158	2026 in film	2930	1	1	1	1	2025-01-14T18:25:53Z	2026-10-06T15:31:30Z	0	
159	2026 United States elections	956	1	1	1	1	2022-03-21T05:27:10Z	2026-10-06T14:35:39Z	0	
160	Casualties of the September 11 attacks	1156	1	1	1	1	2020-01-03T13:40:36Z	2026-09-23T11:40:18Z	0	
161	Austin Abrams	295	1	1	1	1	2020-01-02T11:20:22Z	2026-10-02T19:51:25Z	0	
162	Tom Cruise	1091	1	1	1	1	2020-01-03T17:32:59Z	2026-10-06T09:45:43Z	0	
163	Roblox	1388	1	1	1	1	2020-01-03T15:01:04Z	2026-09-16T21:35:20Z	0	
164	World War II	2984	1	1	1	1	2020-01-12T11:22:12Z	2026-10-05T16:35:18Z	0	
165	MobLand	528	1	1	1	1	2024-02-28T18:58:03Z	2026-10-05T00:59:29Z	0	
166	Warren Beatty	603	1	1	1	1	2020-01-04T22:24:25Z	2026-10-05T00:20:11Z	0	
167	Tom Holland	2272	1	1	1	1	2020-01-01T10:03:39Z	2026-10-02T20:07:38Z	0	
168	Nicole Kidman	2072	1	1	1	1	2020-01-01T09:51:12Z	2026-10-06T01:32:24Z	0	
169	American Airlines Flight 11	1230	1	1	1	1	2020-01-05T01:19:24Z	2026-10-04T22:34:05Z	0	
170	Riley Green	623	1	1	1	1	2020-01-02T19:38:02Z	2026-10-02T01:34:39Z	0	
171	Kaley Cuoco	410	1	1	1	1	2020-01-03T17:35:22Z	2026-10-01T16:26:38Z	0	
172	UFC 331	238	1	1	1	1	2026-07-08T19:36:32Z	2026-09-23T18:36:42Z	0	
173	Opinion polling for the next United Kingdom general election	3700	1	1	1	1	2024-05-22T15:55:32Z	2026-10-06T14:28:24Z	0	
174	Constance Fisher	77	1	1	1	1	2023-03-16T16:18:31Z	2026-10-05T03:47:29Z	0	
175	Ryan Garcia	1643	1	1	1	1	2020-01-05T17:58:07Z	2026-10-02T06:47:18Z	0	
176	Sitee	22	1	1	1	1	2020-08-10T00:19:50Z	2026-09-14T23:26:56Z	0	
177	Andy Burnham	2326	1	1	1	1	2020-01-02T22:37:26Z	2026-10-06T19:48:31Z	0	
178	Mariska Hargitay	1072	1	1	1	1	2020-01-02T11:10:59Z	2026-10-06T03:46:11Z	0	
179	Houthis	1268	1	1	1	1	2020-01-03T14:22:30Z	2026-10-06T16:31:45Z	0	
180	Dario Amodei	366	1	1	1	1	2023-07-12T14:01:17Z	2026-10-01T04:27:11Z	0	
181	Theranos	536	1	1	1	1	2020-01-03T16:35:40Z	2026-09-30T17:57:35Z	0	
182	Death of Nolan Wells	365	1	1	1	1	2026-07-15T04:16:48Z	2026-10-03T17:09:49Z	0	
183	Resident Evil (film series)	764	1	1	1	1	2020-01-19T05:16:56Z	2026-10-05T23:56:33Z	0	
184	Lionel Messi	6250	1	1	1	1	2020-01-01T12:15:14Z	2026-10-06T16:19:10Z	0	
185	Lance Oppenheim	187	1	1	1	1	2020-03-15T20:59:37Z	2026-10-05T01:20:57Z	0	
186	XXXXX (album)	51	1	1	1	1	2026-07-20T15:45:23Z	2026-09-07T06:19:11Z	0	
187	Murder of Tupac Shakur	697	1	1	1	1	2020-01-02T08:09:05Z	2026-10-06T00:15:28Z	0	
188	Dorothy (film)	240	1	1	1	1	2026-08-05T00:31:00Z	2026-10-06T20:33:35Z	0	
189	Bryan Shelton	94	1	1	1	1	2020-07-08T18:45:43Z	2026-09-15T02:53:35Z	0	
190	JJ Gabriel	167	1	1	1	1	2025-09-30T14:21:23Z	2026-10-06T20:44:52Z	0	
191	Taylor Swift	8626	1	1	1	1	2020-01-01T06:26:04Z	2026-10-06T13:42:53Z	0	
192	James Talarico	1027	1	1	1	1	2020-01-27T20:13:08Z	2026-10-06T17:22:44Z	0	
193	Hasan Piker	500	1	1	1	1	2026-03-24T13:19:14Z	2026-10-06T16:14:53Z	0	
194	Jeffrey Dahmer	1936	1	1	1	1	2020-01-16T05:14:19Z	2026-10-06T00:01:53Z	0	
195	Elizabeth II	5048	1	1	1	1	2020-01-03T00:34:41Z	2026-10-06T04:12:14Z	0	
196	Charles Spencer, 9th Earl Spencer	442	1	1	1	1	2020-01-01T01:38:10Z	2026-10-05T22:32:43Z	0	
197	2026 Formula One World Championship	1798	1	1	1	1	2022-09-05T18:58:58Z	2026-10-04T14:58:05Z	0	
198	Ella Langley	955	1	1	1	1	2024-07-07T00:07:59Z	2026-10-05T11:35:24Z	0	
199	Benjamin Netanyahu	1541	1	1	1	1	2020-01-04T16:57:32Z	2026-10-06T16:56:56Z	0	
200	Resident Evil	1293	1	1	1	1	2020-01-05T16:20:19Z	2026-10-05T21:54:30Z	0	
203	Ruth Kearney	148	1	1	1	1	2020-02-17T10:28:36Z	2026-08-31T17:55:11Z	0	
204	Tom Pelphrey	269	1	1	1	1	2020-01-07T17:13:22Z	2026-10-03T05:56:22Z	0	
205	Google	1750	1	1	1	1	2020-01-02T10:45:58Z	2026-10-04T21:08:10Z	0	
206	Elon Musk	11528	1	1	1	1	2020-01-01T22:06:11Z	2026-10-06T12:03:07Z	0	
207	Madonna	2689	1	1	1	1	2020-01-03T17:20:18Z	2026-10-03T19:01:19Z	0	
208	Maria Sten	99	1	1	1	1	2020-01-03T14:43:27Z	2026-09-28T19:48:57Z	0	
209	American Horror Story	1971	1	1	1	1	2020-01-02T23:29:52Z	2026-10-06T03:39:45Z	0	
210	Elizabeth Báthory	1069	1	1	1	1	2020-01-01T10:43:44Z	2026-10-01T09:59:32Z	0	
211	American Horror Story: 13	392	1	1	1	1	2026-05-18T02:43:24Z	2026-10-06T17:16:09Z	0	
212	DC (film)	525	1	1	1	1	2025-11-01T19:53:38Z	2026-09-25T18:10:35Z	0	
213	Haiwaan (film)	410	1	1	1	1	2025-08-26T14:09:45Z	2026-10-05T15:43:49Z	0	
214	Zach Cregger	390	1	1	1	1	2020-01-09T01:48:09Z	2026-10-06T01:06:44Z	0	
215	Artificial intelligence	3660	1	1	1	1	2020-01-04T13:25:43Z	2026-10-04T22:44:59Z	0	
216	United Kingdom	5033	1	1	1	1	2020-01-01T21:19:06Z	2026-10-05T09:13:34Z	0	
217	Anne Hathaway	1653	1	1	1	1	2020-01-07T14:52:57Z	2026-10-06T15:08:39Z	0	
218	Keri Russell	556	1	1	1	1	2020-01-03T02:26:06Z	2026-09-17T18:49:37Z	0	
219	Tupac Shakur	2537	1	1	1	1	2020-01-12T10:13:21Z	2026-10-05T19:21:45Z	0	
220	Jenna Dewan	412	1	1	1	1	2020-01-02T22:12:38Z	2026-09-18T16:21:30Z	0	
221	Alice Weidel	721	1	1	1	1	2020-02-09T06:51:36Z	2026-09-21T03:06:18Z	0	
222	european election 2014	0	1	1	1	1			1	
223	Bigg Boss (Tamil TV series) season 10	1104	1	1	1	1	2026-02-17T22:54:16Z	2026-10-06T15:18:32Z	0	
224	List of highest-grossing Malayalam films	3291	1	1	1	1	2020-01-10T15:40:43Z	2026-10-04T12:17:15Z	0	
225	Miley Cyrus	1112	1	1	1	1	2020-01-06T18:02:41Z	2024-04-20T12:31:50Z	0	
226	Labor Day	501	1	1	1	1	2020-02-06T18:13:37Z	2026-10-05T22:49:15Z	0	
227	Nigella Lawson	361	1	1	1	1	2020-01-05T12:37:51Z	2026-10-05T18:11:41Z	0	
228	2026 US Open – Men's singles	1068	1	1	1	1	2026-08-18T23:40:30Z	2026-09-16T00:28:59Z	0	
229	Stella Lefty	422	1	1	1	1	2026-05-22T03:05:37Z	2026-10-06T14:29:24Z	0	
230	Coco Gauff	2162	1	1	1	1	2020-01-05T21:16:11Z	2026-10-03T11:53:39Z	0	
231	Navier–Stokes equations	483	1	1	1	1	2020-01-08T13:08:12Z	2026-10-05T09:56:32Z	0	
232	Sarah Paulson	487	1	1	1	1	2020-01-01T21:05:23Z	2026-10-05T18:35:28Z	0	
233	Facebook	1260	1	1	1	1	2020-01-03T23:06:41Z	2026-10-06T14:44:06Z	0	
234	Andrea Yates	290	1	1	1	1	2020-03-06T04:05:50Z	2026-10-05T06:35:40Z	0	
235	Mitch McConnell	1963	1	1	1	1	2020-01-02T18:25:05Z	2026-10-06T08:46:34Z	0	
236	Z-Library	1115	1	1	1	1	2020-10-15T22:45:30Z	2026-09-22T03:25:46Z	0	
237	Anthony Bourdain	986	1	1	1	1	2020-01-07T05:08:15Z	2026-10-02T17:49:19Z	0	
238	The Uprising (2026 film)	321	1	1	1	1	2022-05-20T16:56:45Z	2026-10-06T07:58:55Z	0	
239	List of American films of 2026	4610	1	1	1	1	2024-02-05T21:47:54Z	2026-10-06T19:41:32Z	0	
240	Adolf Hitler	2019	1	1	1	1	2020-01-23T07:10:25Z	2026-10-03T14:19:10Z	0	
241	Charles III	5468	1	1	1	1	2020-01-11T06:40:24Z	2026-10-06T08:01:15Z	0	
242	Abdul El-Sayed	697	1	1	1	1	2020-01-08T17:43:04Z	2026-10-06T19:15:59Z	0	
243	Sam Altman	1684	1	1	1	1	2020-01-27T19:46:30Z	2026-10-06T17:46:33Z	0	
244	Khalid Sheikh Mohammed	728	1	1	1	1	2020-01-01T08:43:13Z	2026-10-05T04:15:23Z	0	
245	Rebecca Hall	417	1	1	1	1	2020-01-15T01:52:47Z	2026-09-17T17:52:09Z	0	
246	Sylvester Stallone	855	1	1	1	1	2020-01-02T02:44:41Z	2026-10-06T07:35:21Z	0	
247	Nance O'Neil	62	1	1	1	1	2020-01-06T00:34:09Z	2026-09-30T17:36:00Z	0	
248	Verity (novel)	141	1	1	1	1	2024-07-15T19:43:04Z	2026-10-04T15:40:36Z	0	
249	Qazi Touqeer	154	1	1	1	1	2020-01-04T22:57:38Z	2026-10-06T16:02:24Z	0	
250	Diana, Princess of Wales	1709	1	1	1	1	2020-01-09T21:26:31Z	2026-10-05T00:15:47Z	0	
251	The Runner (2026 film)	189	1	1	1	1	2024-11-11T18:07:17Z	2026-10-06T09:45:15Z	0	
252	Robert Pattinson	1497	1	1	1	1	2020-01-04T06:02:34Z	2026-10-06T11:55:19Z	0	
