minute_utc,n_captures,n_unique_urls
2026-06-15T15:12:00Z,1,1
2026-06-15T15:13:00Z,1,1
2026-06-15T15:14:00Z,3,3
2026-06-15T15:15:00Z,12,12
2026-06-15T15:40:00Z,1,1
2026-06-15T15:41:00Z,2,1
2026-06-15T15:42:00Z,5,5
2026-06-15T15:46:00Z,3,3
2026-06-15T17:30:00Z,6,6
2026-06-15T18:01:00Z,10,10
2026-06-15T18:02:00Z,21,21
2026-06-15T18:03:00Z,20,20
2026-06-15T18:04:00Z,18,18
2026-06-15T18:05:00Z,6,6
2026-06-16T07:55:00Z,5,2
2026-06-16T07:56:00Z,1,1
2026-06-16T07:57:00Z,2,1
2026-06-16T07:59:00Z,4,2
2026-06-16T08:02:00Z,16,8
2026-06-16T08:03:00Z,45,29
2026-06-16T08:04:00Z,41,21
2026-06-16T08:09:00Z,1,1
2026-06-16T08:10:00Z,11,11
2026-06-16T08:13:00Z,2,2
2026-06-16T08:14:00Z,22,22
2026-06-16T08:16:00Z,27,27
2026-06-16T08:19:00Z,4,1
2026-06-16T08:20:00Z,2,1
2026-06-16T08:23:00Z,4,2
2026-06-16T08:35:00Z,2,1
2026-06-16T08:36:00Z,7,4
2026-06-16T08:37:00Z,28,15
2026-06-16T08:38:00Z,29,15
2026-06-16T08:39:00Z,29,15
2026-06-16T08:40:00Z,30,16
2026-06-16T08:41:00Z,27,14
2026-06-16T08:42:00Z,2,1
2026-06-16T08:44:00Z,4,2
2026-06-16T08:45:00Z,4,2
2026-06-16T08:47:00Z,2,1
2026-06-16T08:48:00Z,5,3
2026-06-16T08:49:00Z,4,3
2026-06-16T08:50:00Z,7,4
2026-06-16T08:51:00Z,181,92
2026-06-16T08:52:00Z,32,18
2026-06-16T09:00:00Z,4,2
2026-06-16T09:10:00Z,2,1
2026-06-16T09:11:00Z,2,1
2026-06-16T09:13:00Z,4,2
2026-06-16T09:16:00Z,2,1
2026-06-16T09:26:00Z,2,1
2026-06-16T09:27:00Z,2,2
2026-06-16T09:31:00Z,2,1
2026-06-16T09:32:00Z,2,1
2026-06-16T09:34:00Z,3,1
2026-06-16T09:35:00Z,7,5
2026-06-16T09:37:00Z,3,3
2026-06-16T09:38:00Z,2,1
2026-06-16T09:39:00Z,3,2
2026-06-16T09:40:00Z,8,8
2026-06-16T09:41:00Z,3,1
2026-06-16T09:44:00Z,4,4
2026-06-16T09:45:00Z,6,6
2026-06-16T09:46:00Z,10,10
2026-06-16T09:47:00Z,5,5
2026-06-16T09:48:00Z,6,4
2026-06-16T09:50:00Z,1,1
2026-06-16T09:51:00Z,6,3
2026-06-16T09:52:00Z,7,6
2026-06-16T09:53:00Z,5,4
2026-06-16T09:54:00Z,89,88
2026-06-16T09:55:00Z,121,116
2026-06-16T09:56:00Z,199,104
2026-06-16T09:57:00Z,8,8
2026-06-16T09:58:00Z,226,224
2026-06-16T09:59:00Z,345,345
2026-06-16T10:00:00Z,307,306
2026-06-16T10:01:00Z,132,132
2026-06-16T10:02:00Z,4,4
2026-06-16T10:03:00Z,14,14
2026-06-16T10:04:00Z,7,7
2026-06-16T10:05:00Z,59,59
2026-06-16T10:06:00Z,4,4
2026-06-16T10:07:00Z,8,6
2026-06-16T10:08:00Z,2,2
2026-06-16T10:09:00Z,2,2
2026-06-16T10:10:00Z,209,209
2026-06-16T10:11:00Z,10,6
2026-06-16T10:13:00Z,9,6
2026-06-16T10:14:00Z,15,12
2026-06-16T10:15:00Z,1,1
2026-06-16T10:16:00Z,1,1
2026-06-16T10:18:00Z,4,2
2026-06-16T10:19:00Z,8,3
2026-06-16T10:20:00Z,4,2
2026-06-16T10:22:00Z,1,1
2026-06-16T10:23:00Z,3,3
2026-06-16T10:25:00Z,2,1
2026-06-16T10:27:00Z,11,9
2026-06-16T10:29:00Z,2,2
2026-06-16T10:31:00Z,3,3
2026-06-16T10:34:00Z,3,1
2026-06-16T10:35:00Z,2,1
2026-06-16T10:37:00Z,4,4
2026-06-16T10:38:00Z,1,1
2026-06-16T10:39:00Z,3,2
2026-06-16T10:40:00Z,3,2
2026-06-16T10:42:00Z,6,3
2026-06-16T10:43:00Z,7,4
2026-06-16T10:44:00Z,12,6
2026-06-16T10:45:00Z,2,1
2026-06-16T10:46:00Z,3,2
2026-06-16T10:47:00Z,60,60
2026-06-16T10:48:00Z,1,1
2026-06-16T10:55:00Z,1,1
2026-06-16T10:56:00Z,2,2
2026-06-16T10:57:00Z,3,2
2026-06-16T10:58:00Z,3,1
2026-06-16T10:59:00Z,1,1
2026-06-16T11:01:00Z,4,4
2026-06-16T11:03:00Z,4,4
2026-06-16T11:04:00Z,4,4
2026-06-16T11:05:00Z,10,9
2026-06-16T11:06:00Z,19,15
2026-06-16T11:07:00Z,12,12
2026-06-16T11:08:00Z,10,8
2026-06-16T11:09:00Z,6,5
2026-06-16T11:10:00Z,30,30
2026-06-16T11:13:00Z,3,3
2026-06-16T11:14:00Z,5,5
2026-06-16T11:15:00Z,4,2
2026-06-16T11:16:00Z,2,2
2026-06-16T11:19:00Z,1,1
2026-06-16T11:22:00Z,1,1
2026-06-16T11:25:00Z,1,1
2026-06-16T11:26:00Z,1,1
2026-06-16T11:28:00Z,1,1
2026-06-16T11:29:00Z,4,4
2026-06-16T11:32:00Z,1,1
2026-06-16T11:33:00Z,32,32
2026-06-16T11:34:00Z,111,111
2026-06-16T11:43:00Z,2,2
2026-06-16T11:44:00Z,9,9
2026-06-16T11:45:00Z,15,15
2026-06-16T11:46:00Z,2,2
2026-06-16T11:48:00Z,1,1
2026-06-16T11:49:00Z,5,5
2026-06-16T11:55:00Z,37,37
2026-06-16T11:56:00Z,70,70
2026-06-16T11:57:00Z,2,2
2026-06-16T11:59:00Z,5,5
2026-06-16T12:03:00Z,1,1
2026-06-16T12:15:00Z,1,1
2026-06-16T12:16:00Z,9,9
2026-06-16T12:17:00Z,5,5
2026-06-16T12:18:00Z,2,2
2026-06-16T12:19:00Z,7,7
2026-06-16T12:26:00Z,6,6
2026-06-16T12:27:00Z,12,12
2026-06-16T12:36:00Z,2,2
2026-06-16T12:38:00Z,2,2
2026-06-16T12:52:00Z,3,3
2026-06-16T12:53:00Z,208,208
2026-06-16T12:54:00Z,208,208
2026-06-16T12:58:00Z,208,208
2026-06-16T13:01:00Z,133,133
2026-06-16T13:02:00Z,75,75
2026-06-16T13:05:00Z,2,2
2026-06-16T13:08:00Z,2,2
2026-06-16T18:58:00Z,6,3
2026-06-16T18:59:00Z,2,1
2026-06-16T19:00:00Z,23,12
2026-06-16T19:03:00Z,2,1
2026-06-16T19:06:00Z,1,1
2026-06-16T19:15:00Z,16,8
2026-06-16T19:17:00Z,91,64
2026-06-16T19:18:00Z,29,19
2026-06-16T19:19:00Z,1,1
2026-06-16T19:20:00Z,5,3
2026-06-16T19:21:00Z,45,23
2026-06-16T19:22:00Z,69,35
2026-06-16T19:23:00Z,48,24
2026-06-16T19:25:00Z,6,3
2026-06-16T19:27:00Z,8,4
2026-06-16T19:28:00Z,5,2
2026-06-16T19:29:00Z,2,1
2026-06-16T19:30:00Z,2,1
2026-06-16T19:32:00Z,1,1
2026-06-16T19:34:00Z,3,2
2026-06-16T19:35:00Z,1,1
2026-06-16T19:36:00Z,5,5
2026-06-16T19:37:00Z,8,8
2026-06-16T19:38:00Z,7,4
2026-06-16T19:39:00Z,5,4
2026-06-16T19:40:00Z,79,79
2026-06-16T19:41:00Z,136,136
2026-06-16T19:42:00Z,225,225
2026-06-16T19:43:00Z,190,190
2026-06-16T19:44:00Z,185,181
2026-06-16T19:45:00Z,189,180
2026-06-16T19:46:00Z,158,155
2026-06-16T19:47:00Z,150,150
2026-06-16T19:48:00Z,90,89
2026-06-16T19:49:00Z,12,10
2026-06-16T19:50:00Z,25,17
2026-06-16T19:52:00Z,198,198
2026-06-16T19:53:00Z,5,5
2026-06-16T19:54:00Z,63,63
2026-06-16T19:55:00Z,7,7
2026-06-16T19:58:00Z,7,7
2026-06-16T19:59:00Z,52,52
2026-06-16T20:00:00Z,43,43
2026-06-16T20:01:00Z,172,172
2026-06-16T20:02:00Z,349,347
2026-06-16T20:03:00Z,328,328
2026-06-16T20:04:00Z,12,12
2026-06-16T20:05:00Z,11,10
2026-06-16T20:06:00Z,4,2
2026-06-16T20:08:00Z,2,1
2026-06-16T20:09:00Z,3,3
2026-06-16T20:10:00Z,2,2
2026-06-16T20:11:00Z,1,1
2026-06-16T20:12:00Z,97,97
2026-06-16T20:13:00Z,140,139
2026-06-16T20:14:00Z,134,134
2026-06-16T20:15:00Z,121,119
2026-06-16T20:16:00Z,140,138
2026-06-16T20:17:00Z,135,135
2026-06-16T20:18:00Z,160,160
2026-06-16T20:19:00Z,238,237
2026-06-16T20:20:00Z,249,245
2026-06-16T20:21:00Z,164,162
2026-06-16T20:22:00Z,270,268
2026-06-16T20:23:00Z,266,262
2026-06-16T20:24:00Z,321,320
2026-06-16T20:25:00Z,526,525
2026-06-16T20:26:00Z,441,441
2026-06-16T20:27:00Z,383,383
2026-06-16T20:28:00Z,360,359
2026-06-16T20:29:00Z,45,45
2026-06-16T20:30:00Z,118,118
2026-06-16T20:31:00Z,84,84
2026-06-16T20:32:00Z,105,105
2026-06-16T20:33:00Z,75,75
2026-06-16T20:34:00Z,184,184
2026-06-16T20:35:00Z,83,83
2026-06-16T20:36:00Z,89,88
2026-06-16T20:37:00Z,92,92
2026-06-16T20:38:00Z,269,269
2026-06-16T20:39:00Z,315,314
2026-06-16T20:40:00Z,326,323
2026-06-16T20:41:00Z,371,371
2026-06-16T20:42:00Z,518,518
2026-06-16T20:43:00Z,497,497
2026-06-16T20:44:00Z,601,601
2026-06-16T20:45:00Z,340,340
2026-06-16T20:46:00Z,180,180
2026-06-16T20:47:00Z,298,297
2026-06-16T20:48:00Z,188,187
2026-06-16T20:49:00Z,163,161
2026-06-16T20:50:00Z,198,196
2026-06-16T20:51:00Z,157,157
2026-06-16T20:52:00Z,112,112
2026-06-16T20:53:00Z,1,1
2026-06-16T20:54:00Z,100,96
2026-06-16T20:55:00Z,90,90
2026-06-16T20:56:00Z,75,75
2026-06-16T20:57:00Z,1,1
2026-06-16T20:58:00Z,1,1
2026-06-16T20:59:00Z,1,1
2026-06-16T21:00:00Z,9,7
2026-06-16T21:01:00Z,1,1
2026-06-16T21:02:00Z,2,1
2026-06-16T21:05:00Z,4,4
2026-06-16T21:06:00Z,5,5
2026-06-16T21:07:00Z,10,7
2026-06-16T21:08:00Z,5,4
2026-06-16T21:09:00Z,7,7
2026-06-16T21:10:00Z,4,4
2026-06-16T21:11:00Z,5,5
2026-06-16T21:12:00Z,7,5
2026-06-16T21:13:00Z,3,1
2026-06-16T21:14:00Z,168,166
2026-06-16T21:15:00Z,51,51
2026-06-16T21:16:00Z,178,178
2026-06-16T21:18:00Z,1,1
2026-06-16T21:19:00Z,81,81
2026-06-16T21:20:00Z,198,198
2026-06-16T21:21:00Z,151,151
2026-06-16T21:22:00Z,55,55
2026-06-16T21:23:00Z,72,69
2026-06-16T21:24:00Z,164,159
2026-06-16T21:25:00Z,172,164
2026-06-16T21:26:00Z,109,107
2026-06-16T21:27:00Z,44,44
2026-06-16T21:28:00Z,9,9
2026-06-16T21:29:00Z,3,3
2026-06-16T21:30:00Z,9,9
2026-06-16T21:31:00Z,37,37
2026-06-16T21:32:00Z,16,13
2026-06-16T21:33:00Z,138,116
2026-06-16T21:34:00Z,48,48
2026-06-16T21:36:00Z,3,3
2026-06-16T21:37:00Z,5,5
2026-06-16T21:38:00Z,8,6
2026-06-16T21:39:00Z,5,5
2026-06-16T21:40:00Z,9,9
2026-06-16T21:41:00Z,18,18
2026-06-16T21:42:00Z,89,89
2026-06-16T21:43:00Z,250,244
2026-06-16T21:44:00Z,213,211
2026-06-16T21:45:00Z,14,8
2026-06-16T21:46:00Z,16,11
2026-06-16T21:47:00Z,22,12
2026-06-16T21:48:00Z,12,6
2026-06-16T21:49:00Z,14,13
2026-06-16T21:50:00Z,17,15
2026-06-16T21:51:00Z,22,22
2026-06-16T21:52:00Z,118,95
2026-06-16T21:53:00Z,244,166
2026-06-16T21:54:00Z,171,167
2026-06-16T21:55:00Z,153,143
2026-06-16T21:56:00Z,71,71
2026-06-16T21:57:00Z,21,13
2026-06-16T21:58:00Z,60,53
2026-06-16T21:59:00Z,14,14
2026-06-16T22:00:00Z,9,5
2026-06-16T22:01:00Z,133,78
2026-06-16T22:02:00Z,100,98
2026-06-16T22:03:00Z,118,115
2026-06-16T22:04:00Z,66,64
2026-06-16T22:05:00Z,51,51
2026-06-16T22:06:00Z,78,78
2026-06-16T22:07:00Z,68,64
2026-06-16T22:08:00Z,101,85
2026-06-16T22:09:00Z,63,61
2026-06-16T22:10:00Z,57,56
2026-06-16T22:11:00Z,64,62
2026-06-16T22:12:00Z,85,75
2026-06-16T22:13:00Z,223,143
2026-06-16T22:14:00Z,55,55
2026-06-16T22:15:00Z,61,56
2026-06-16T22:16:00Z,57,56
2026-06-16T22:17:00Z,61,60
2026-06-16T22:18:00Z,65,65
2026-06-16T22:19:00Z,80,77
2026-06-16T22:20:00Z,177,124
2026-06-16T22:21:00Z,66,65
2026-06-16T22:22:00Z,64,64
2026-06-16T22:23:00Z,57,56
2026-06-16T22:24:00Z,131,129
2026-06-16T22:25:00Z,165,143
2026-06-16T22:26:00Z,317,188
2026-06-16T22:27:00Z,61,60
2026-06-16T22:28:00Z,84,84
2026-06-16T22:29:00Z,61,60
2026-06-16T22:30:00Z,177,177
2026-06-16T22:31:00Z,63,61
2026-06-16T22:32:00Z,64,64
2026-06-16T22:33:00Z,60,60
2026-06-16T22:34:00Z,4,4
2026-06-16T22:35:00Z,5,5
2026-06-16T22:37:00Z,2,1
2026-06-16T22:38:00Z,144,91
2026-06-16T22:39:00Z,97,97
2026-06-16T22:40:00Z,18,18
2026-06-16T22:42:00Z,1,1
2026-06-16T22:46:00Z,2,2
2026-06-16T22:47:00Z,5,5
2026-06-16T22:51:00Z,2,1
2026-06-16T22:52:00Z,3,2
2026-06-16T22:53:00Z,4,2
2026-06-16T22:56:00Z,5,4
2026-06-16T22:57:00Z,5,5
2026-06-16T22:58:00Z,1,1
2026-06-16T23:00:00Z,190,190
2026-06-16T23:01:00Z,218,217
2026-06-16T23:02:00Z,79,78
2026-06-16T23:03:00Z,2,2
2026-06-16T23:04:00Z,6,4
2026-06-16T23:05:00Z,4,4
2026-06-16T23:06:00Z,8,5
2026-06-16T23:09:00Z,2,1
2026-06-16T23:10:00Z,9,8
2026-06-16T23:11:00Z,2,2
2026-06-16T23:12:00Z,2,2
2026-06-16T23:14:00Z,24,24
2026-06-16T23:15:00Z,1,1
2026-06-16T23:16:00Z,1,1
2026-06-16T23:20:00Z,3,3
2026-06-16T23:21:00Z,3,2
2026-06-16T23:23:00Z,5,5
2026-06-16T23:24:00Z,4,4
2026-06-16T23:25:00Z,8,4
2026-06-16T23:26:00Z,3,2
2026-06-16T23:27:00Z,4,2
2026-06-16T23:28:00Z,10,5
2026-06-16T23:31:00Z,2,1
2026-06-16T23:34:00Z,7,3
2026-06-16T23:35:00Z,4,2
2026-06-16T23:36:00Z,4,2
2026-06-16T23:38:00Z,18,14
2026-06-16T23:43:00Z,2,1
2026-06-16T23:44:00Z,2,1
2026-06-16T23:45:00Z,32,31
2026-06-16T23:46:00Z,213,213
2026-06-16T23:47:00Z,78,78
2026-06-16T23:48:00Z,214,213
2026-06-16T23:49:00Z,28,28
2026-06-16T23:50:00Z,2,1
2026-06-16T23:51:00Z,420,418
2026-06-16T23:52:00Z,768,768
2026-06-16T23:53:00Z,775,775
2026-06-16T23:54:00Z,772,771
2026-06-16T23:55:00Z,768,768
2026-06-16T23:56:00Z,774,773
2026-06-16T23:57:00Z,780,780
2026-06-16T23:58:00Z,786,785
2026-06-16T23:59:00Z,969,914
2026-06-17T00:00:00Z,1023,909
2026-06-17T00:01:00Z,1095,937
2026-06-17T00:02:00Z,1101,940
2026-06-17T00:03:00Z,1090,931
2026-06-17T00:04:00Z,1094,938
2026-06-17T00:05:00Z,789,781
2026-06-17T00:06:00Z,843,838
2026-06-17T00:07:00Z,841,840
2026-06-17T00:08:00Z,776,774
2026-06-17T00:09:00Z,763,763
2026-06-17T00:10:00Z,836,835
2026-06-17T00:11:00Z,759,759
2026-06-17T00:12:00Z,86,86
2026-06-17T00:13:00Z,10,10
2026-06-17T00:14:00Z,52,52
2026-06-17T00:15:00Z,180,180
2026-06-17T00:16:00Z,81,81
2026-06-17T00:19:00Z,55,55
2026-06-17T00:20:00Z,80,80
2026-06-17T00:21:00Z,32,31
2026-06-17T00:22:00Z,1,1
2026-06-17T00:24:00Z,1,1
2026-06-17T00:25:00Z,88,88
2026-06-17T00:26:00Z,20,20
2026-06-17T00:27:00Z,3,3
2026-06-17T00:28:00Z,12,10
2026-06-17T00:29:00Z,6,6
2026-06-17T00:30:00Z,2,2
2026-06-17T00:31:00Z,4,1
2026-06-17T00:32:00Z,11,11
2026-06-17T00:33:00Z,1,1
2026-06-17T00:34:00Z,6,4
2026-06-17T00:35:00Z,4,3
2026-06-17T00:36:00Z,1,1
2026-06-17T00:37:00Z,2,1
2026-06-17T00:38:00Z,1,1
2026-06-17T00:39:00Z,13,13
2026-06-17T00:40:00Z,6,6
2026-06-17T00:41:00Z,2,1
2026-06-17T00:42:00Z,129,122
2026-06-17T00:43:00Z,172,162
2026-06-17T00:44:00Z,119,108
2026-06-17T00:45:00Z,113,103
2026-06-17T00:46:00Z,82,77
2026-06-17T00:48:00Z,11,11
2026-06-17T00:49:00Z,1,1
2026-06-17T00:50:00Z,3,3
2026-06-17T00:51:00Z,11,11
2026-06-17T00:52:00Z,6,6
2026-06-17T00:53:00Z,2,2
2026-06-17T00:54:00Z,29,29
2026-06-17T00:55:00Z,8,8
2026-06-17T00:56:00Z,4,2
2026-06-17T00:57:00Z,17,17
2026-06-17T00:58:00Z,2,1
2026-06-17T00:59:00Z,40,40
2026-06-17T01:00:00Z,1,1
2026-06-17T01:01:00Z,1,1
2026-06-17T01:10:00Z,15,15
2026-06-17T01:11:00Z,1,1
2026-06-17T01:12:00Z,1,1
2026-06-17T01:25:00Z,1,1
2026-06-17T01:26:00Z,1,1
2026-06-17T01:28:00Z,635,626
2026-06-17T01:29:00Z,1297,1297
2026-06-17T01:30:00Z,1308,1305
2026-06-17T01:31:00Z,1315,1314
2026-06-17T01:32:00Z,760,760
2026-06-17T01:33:00Z,2,1
2026-06-17T01:34:00Z,11,7
2026-06-17T01:37:00Z,327,327
2026-06-17T01:38:00Z,1291,1291
2026-06-17T01:39:00Z,1305,1305
2026-06-17T01:40:00Z,1318,1318
2026-06-17T01:41:00Z,1060,1060
2026-06-17T01:43:00Z,1072,1072
2026-06-17T01:44:00Z,1310,1310
2026-06-17T01:45:00Z,1295,1291
2026-06-17T01:46:00Z,1302,1300
2026-06-17T01:47:00Z,787,787
2026-06-17T01:48:00Z,1293,1289
2026-06-17T01:49:00Z,1312,1310
2026-06-17T01:50:00Z,1301,1298
2026-06-17T01:51:00Z,950,950
2026-06-17T01:52:00Z,405,405
2026-06-17T01:53:00Z,1278,1273
2026-06-17T01:54:00Z,1264,1262
2026-06-17T01:55:00Z,1310,1309
2026-06-17T01:56:00Z,1056,1054
2026-06-17T01:58:00Z,1071,1070
2026-06-17T01:59:00Z,1305,1302
2026-06-17T02:00:00Z,1296,1296
2026-06-17T02:01:00Z,1278,1277
2026-06-17T02:02:00Z,360,360
2026-06-17T02:03:00Z,973,970
2026-06-17T02:04:00Z,1311,1310
2026-06-17T02:05:00Z,1316,1316
2026-06-17T02:06:00Z,1298,1298
2026-06-17T02:07:00Z,410,409
2026-06-17T02:08:00Z,461,461
2026-06-17T02:09:00Z,1319,1318
2026-06-17T02:10:00Z,1317,1315
2026-06-17T02:11:00Z,1311,1310
2026-06-17T02:12:00Z,901,899
2026-06-17T02:17:00Z,1,1
2026-06-17T02:18:00Z,1,1
2026-06-17T02:37:00Z,2,2
2026-06-17T07:23:00Z,1,1
2026-06-17T07:24:00Z,3,2
2026-06-17T07:25:00Z,2,2
2026-06-17T07:26:00Z,5,2
2026-06-17T07:28:00Z,15,15
2026-06-17T07:29:00Z,15,15
2026-06-17T07:31:00Z,1,1
2026-06-17T07:32:00Z,3,2
2026-06-17T07:34:00Z,5,2
2026-06-17T07:35:00Z,12,11
2026-06-17T07:36:00Z,4,2
2026-06-17T07:37:00Z,2,1
2026-06-17T07:38:00Z,7,7
2026-06-17T07:41:00Z,5,5
2026-06-17T07:44:00Z,2,1
2026-06-17T07:45:00Z,18,18
2026-06-17T07:48:00Z,7,7
2026-06-17T07:50:00Z,4,3
2026-06-17T07:52:00Z,2,2
2026-06-17T07:53:00Z,2,1
2026-06-17T07:54:00Z,1,1
2026-06-17T07:55:00Z,3,3
2026-06-17T07:56:00Z,5,4
2026-06-17T07:57:00Z,208,205
2026-06-17T07:58:00Z,6,4
2026-06-17T07:59:00Z,7,6
2026-06-17T08:01:00Z,138,138
2026-06-17T08:02:00Z,142,132
2026-06-17T08:03:00Z,50,30
2026-06-17T08:04:00Z,54,32
2026-06-17T08:06:00Z,100,63
2026-06-17T08:07:00Z,98,67
2026-06-17T08:08:00Z,292,270
2026-06-17T08:09:00Z,44,38
2026-06-17T08:10:00Z,9,8
2026-06-17T08:11:00Z,4,4
2026-06-17T08:12:00Z,7,6
2026-06-17T08:13:00Z,7,4
2026-06-17T08:14:00Z,5,3
2026-06-17T08:15:00Z,236,233
2026-06-17T08:16:00Z,45,43
2026-06-17T08:17:00Z,71,71
2026-06-17T08:19:00Z,3,3
2026-06-17T08:20:00Z,162,162
2026-06-17T08:21:00Z,100,100
2026-06-17T08:22:00Z,25,16
2026-06-17T08:23:00Z,148,77
2026-06-17T08:24:00Z,5,3
2026-06-17T08:25:00Z,10,9
2026-06-17T08:26:00Z,6,6
2026-06-17T08:27:00Z,7,7
2026-06-17T08:29:00Z,2,1
2026-06-17T08:30:00Z,4,4
2026-06-17T08:31:00Z,2,2
2026-06-17T08:32:00Z,11,6
2026-06-17T08:33:00Z,192,182
2026-06-17T08:34:00Z,254,199
2026-06-17T08:35:00Z,1029,1029
2026-06-17T08:36:00Z,3804,3802
2026-06-17T08:37:00Z,3278,3276
2026-06-17T08:38:00Z,4538,4536
2026-06-17T08:39:00Z,4706,4705
2026-06-17T08:40:00Z,4942,4940
2026-06-17T08:41:00Z,4909,4905
2026-06-17T08:42:00Z,2612,2611
2026-06-17T08:43:00Z,1704,1704
2026-06-17T08:44:00Z,1642,1641
2026-06-17T08:45:00Z,1710,1708
2026-06-17T08:46:00Z,1699,1699
2026-06-17T08:47:00Z,1689,1687
2026-06-17T08:48:00Z,1719,1718
2026-06-17T08:49:00Z,1039,1039
2026-06-17T08:50:00Z,93,92
2026-06-17T08:51:00Z,100,100
2026-06-17T08:52:00Z,34,33
2026-06-17T08:54:00Z,52,52
2026-06-17T08:55:00Z,52,52
2026-06-17T08:56:00Z,408,406
2026-06-17T08:57:00Z,315,315
2026-06-17T08:58:00Z,2,1
2026-06-17T08:59:00Z,407,405
2026-06-17T09:00:00Z,512,510
2026-06-17T09:01:00Z,603,552
2026-06-17T09:02:00Z,554,544
2026-06-17T09:03:00Z,779,680
2026-06-17T09:04:00Z,981,877
2026-06-17T09:05:00Z,146,144
2026-06-17T09:06:00Z,461,459
2026-06-17T09:07:00Z,145,145
2026-06-17T09:08:00Z,95,91
2026-06-17T09:09:00Z,160,160
2026-06-17T09:10:00Z,522,521
2026-06-17T09:11:00Z,608,607
2026-06-17T09:12:00Z,470,469
2026-06-17T09:13:00Z,464,463
2026-06-17T09:14:00Z,639,638
2026-06-17T09:15:00Z,572,571
2026-06-17T09:16:00Z,220,219
2026-06-17T09:17:00Z,105,105
2026-06-17T09:18:00Z,115,114
2026-06-17T09:19:00Z,119,119
2026-06-17T09:20:00Z,2123,2119
2026-06-17T09:21:00Z,3418,3411
2026-06-17T09:22:00Z,1585,1585
2026-06-17T09:23:00Z,114,114
2026-06-17T09:24:00Z,120,120
2026-06-17T09:25:00Z,155,139
2026-06-17T09:26:00Z,367,246
2026-06-17T09:27:00Z,527,358
2026-06-17T09:28:00Z,594,364
2026-06-17T09:29:00Z,428,279
2026-06-17T09:30:00Z,251,193
2026-06-17T09:31:00Z,343,232
2026-06-17T09:32:00Z,297,220
2026-06-17T09:33:00Z,281,205
2026-06-17T09:34:00Z,471,299
2026-06-17T09:35:00Z,424,281
2026-06-17T09:36:00Z,360,246
2026-06-17T09:37:00Z,327,218
2026-06-17T09:38:00Z,460,240
2026-06-17T09:39:00Z,651,407
2026-06-17T09:40:00Z,703,487
2026-06-17T09:41:00Z,493,255
2026-06-17T09:42:00Z,303,158
2026-06-17T09:43:00Z,411,214
2026-06-17T09:44:00Z,623,374
2026-06-17T09:45:00Z,676,480
2026-06-17T09:46:00Z,728,506
2026-06-17T09:47:00Z,654,384
2026-06-17T09:48:00Z,726,645
2026-06-17T09:49:00Z,482,368
2026-06-17T09:50:00Z,918,661
2026-06-17T09:51:00Z,899,600
2026-06-17T09:52:00Z,587,402
2026-06-17T09:53:00Z,463,369
2026-06-17T09:54:00Z,457,331
2026-06-17T09:55:00Z,601,392
2026-06-17T09:56:00Z,735,483
2026-06-17T09:57:00Z,232,206
2026-06-17T09:58:00Z,229,229
2026-06-17T09:59:00Z,98,97
2026-06-17T10:00:00Z,425,423
2026-06-17T10:01:00Z,494,490
2026-06-17T10:02:00Z,513,511
2026-06-17T10:03:00Z,504,504
2026-06-17T10:04:00Z,460,460
2026-06-17T10:05:00Z,294,294
2026-06-17T10:06:00Z,385,380
2026-06-17T10:07:00Z,327,324
2026-06-17T10:09:00Z,34,21
2026-06-17T10:10:00Z,340,234
2026-06-17T10:11:00Z,918,684
2026-06-17T10:12:00Z,1040,694
2026-06-17T10:13:00Z,1047,761
2026-06-17T10:14:00Z,969,736
2026-06-17T10:15:00Z,963,672
2026-06-17T10:16:00Z,930,684
2026-06-17T10:17:00Z,939,687
2026-06-17T10:18:00Z,869,604
2026-06-17T10:19:00Z,1088,782
2026-06-17T10:20:00Z,986,738
2026-06-17T10:21:00Z,1020,723
2026-06-17T10:22:00Z,1093,817
2026-06-17T10:23:00Z,1160,824
2026-06-17T10:24:00Z,1046,766
2026-06-17T10:25:00Z,957,658
2026-06-17T10:26:00Z,670,347
2026-06-17T10:27:00Z,526,277
2026-06-17T10:28:00Z,593,315
2026-06-17T10:29:00Z,451,219
2026-06-17T10:30:00Z,482,250
2026-06-17T10:31:00Z,467,246
2026-06-17T10:32:00Z,538,278
2026-06-17T10:33:00Z,1153,849
2026-06-17T10:34:00Z,1035,735
2026-06-17T10:35:00Z,1263,963
2026-06-17T10:36:00Z,865,580
2026-06-17T10:37:00Z,939,625
2026-06-17T10:38:00Z,1237,918
2026-06-17T10:39:00Z,1104,849
2026-06-17T10:40:00Z,1019,810
2026-06-17T10:41:00Z,1367,1062
2026-06-17T10:42:00Z,1233,931
2026-06-17T10:43:00Z,1228,888
2026-06-17T10:44:00Z,687,376
2026-06-17T10:45:00Z,753,415
2026-06-17T10:46:00Z,788,475
2026-06-17T10:47:00Z,804,471
2026-06-17T10:48:00Z,798,457
2026-06-17T10:49:00Z,671,340
2026-06-17T10:50:00Z,667,342
2026-06-17T10:51:00Z,669,341
2026-06-17T10:52:00Z,665,337
2026-06-17T10:53:00Z,651,330
2026-06-17T10:54:00Z,664,339
2026-06-17T10:55:00Z,679,348
2026-06-17T10:56:00Z,596,307
2026-06-17T10:57:00Z,657,338
2026-06-17T10:58:00Z,850,540
2026-06-17T10:59:00Z,749,463
2026-06-17T11:00:00Z,551,281
2026-06-17T11:01:00Z,625,317
2026-06-17T11:02:00Z,460,233
2026-06-17T11:03:00Z,3,2
2026-06-17T11:05:00Z,4,4
2026-06-17T11:09:00Z,3,3
2026-06-17T11:10:00Z,3,3
2026-06-17T11:11:00Z,5,5
2026-06-17T11:12:00Z,8,8
2026-06-17T11:13:00Z,25,21
2026-06-17T11:15:00Z,3,2
2026-06-17T11:16:00Z,11,10
2026-06-17T11:18:00Z,4,2
2026-06-17T11:19:00Z,152,80
2026-06-17T11:20:00Z,126,67
2026-06-17T11:22:00Z,89,89
2026-06-17T11:23:00Z,5,5
2026-06-17T11:25:00Z,9,9
2026-06-17T11:26:00Z,1,1
2026-06-17T11:30:00Z,7,6
2026-06-17T11:31:00Z,12,6
2026-06-17T11:32:00Z,1,1
2026-06-17T11:33:00Z,8,8
2026-06-17T11:34:00Z,102,52
2026-06-17T11:35:00Z,85,45
2026-06-17T11:36:00Z,142,80
2026-06-17T11:37:00Z,212,112
2026-06-17T11:39:00Z,19,11
2026-06-17T11:40:00Z,132,69
2026-06-17T11:41:00Z,142,73
2026-06-17T11:42:00Z,110,57
2026-06-17T11:43:00Z,2,1
2026-06-17T11:44:00Z,2,1
2026-06-17T11:46:00Z,18,9
2026-06-17T11:49:00Z,7,4
2026-06-17T11:50:00Z,3,2
2026-06-17T11:51:00Z,276,146
2026-06-17T11:52:00Z,428,225
2026-06-17T11:54:00Z,250,250
2026-06-17T11:55:00Z,268,267
2026-06-17T11:56:00Z,3,3
2026-06-17T12:00:00Z,5,5
2026-06-17T12:03:00Z,2,1
2026-06-17T12:04:00Z,8,4
2026-06-17T12:06:00Z,2,1
2026-06-17T12:08:00Z,6,3
2026-06-17T12:14:00Z,103,103
2026-06-17T12:15:00Z,104,104
2026-06-17T12:16:00Z,329,329
2026-06-17T12:17:00Z,138,138
2026-06-17T12:20:00Z,2,1
2026-06-17T12:21:00Z,3,3
2026-06-17T12:25:00Z,74,39
2026-06-17T12:26:00Z,231,127
2026-06-17T12:27:00Z,133,67
2026-06-17T12:28:00Z,547,302
2026-06-17T12:29:00Z,6,6
2026-06-17T12:30:00Z,57,34
2026-06-17T12:31:00Z,3,3
2026-06-17T12:33:00Z,191,191
2026-06-17T12:34:00Z,334,289
2026-06-17T12:35:00Z,103,103
2026-06-17T12:36:00Z,201,104
2026-06-17T12:37:00Z,328,174
2026-06-17T12:38:00Z,241,126
2026-06-17T12:39:00Z,246,128
2026-06-17T12:40:00Z,255,132
2026-06-17T12:41:00Z,153,80
2026-06-17T12:49:00Z,621,321
2026-06-17T12:50:00Z,1147,595
2026-06-17T12:51:00Z,1148,596
2026-06-17T12:52:00Z,1160,612
2026-06-17T12:53:00Z,1216,641
2026-06-17T12:54:00Z,1279,666
2026-06-17T12:55:00Z,477,255
2026-06-17T12:56:00Z,1309,679
2026-06-17T12:57:00Z,1074,555
2026-06-17T12:58:00Z,1243,642
2026-06-17T12:59:00Z,1414,734
2026-06-17T13:00:00Z,1140,611
2026-06-17T13:01:00Z,1272,663
2026-06-17T13:02:00Z,324,173
2026-06-17T13:04:00Z,330,249
2026-06-17T13:05:00Z,1539,959
2026-06-17T13:06:00Z,1469,863
2026-06-17T13:07:00Z,1320,703
2026-06-17T13:08:00Z,1336,710
2026-06-17T13:09:00Z,1348,718
2026-06-17T13:10:00Z,995,525
2026-06-17T13:20:00Z,260,260
2026-06-17T13:21:00Z,237,237
2026-06-17T13:22:00Z,104,103
2026-06-17T13:35:00Z,3,3
2026-06-17T13:36:00Z,2,2
2026-06-17T13:37:00Z,2,2
2026-06-17T13:38:00Z,2,2
2026-06-17T14:11:00Z,103,103
2026-06-17T14:12:00Z,103,103
2026-06-17T14:13:00Z,115,115
2026-06-17T14:14:00Z,100,100
2026-06-17T14:15:00Z,196,196
2026-06-17T14:16:00Z,28,28
2026-06-17T14:17:00Z,185,185
2026-06-17T14:18:00Z,208,208
2026-06-17T14:19:00Z,25,25
2026-06-17T14:20:00Z,182,182
2026-06-17T14:21:00Z,83,83
2026-06-17T14:22:00Z,75,75
2026-06-17T14:23:00Z,156,156
2026-06-17T14:24:00Z,126,126
2026-06-17T14:25:00Z,260,260
2026-06-17T14:26:00Z,232,232
2026-06-17T14:27:00Z,226,226
2026-06-17T14:28:00Z,268,268
2026-06-17T14:29:00Z,201,201
2026-06-17T14:30:00Z,83,82
2026-06-17T15:23:00Z,2,2
2026-06-17T15:24:00Z,104,104
2026-06-17T15:25:00Z,107,107
2026-06-17T15:26:00Z,84,84
2026-06-17T15:27:00Z,159,159
2026-06-17T15:28:00Z,21,21
2026-06-17T15:29:00Z,127,126
2026-06-17T15:30:00Z,25,25
2026-06-17T15:31:00Z,129,129
2026-06-17T15:32:00Z,31,31
2026-06-17T15:33:00Z,225,225
2026-06-17T15:34:00Z,143,143
2026-06-17T15:35:00Z,167,167
2026-06-17T15:36:00Z,92,92
2026-06-17T15:37:00Z,209,209
2026-06-17T15:38:00Z,50,50
2026-06-17T15:39:00Z,214,214
2026-06-17T15:40:00Z,175,175
2026-06-17T15:41:00Z,269,269
2026-06-17T15:42:00Z,171,171
2026-06-17T15:43:00Z,220,220
2026-06-17T15:44:00Z,142,142
2026-06-17T15:45:00Z,111,111
2026-06-17T15:46:00Z,151,151
2026-06-17T15:47:00Z,221,221
2026-06-17T15:48:00Z,140,140
2026-06-17T15:49:00Z,191,191
2026-06-17T15:50:00Z,68,68
2026-06-17T15:51:00Z,220,220
2026-06-17T15:52:00Z,40,40
2026-06-17T15:53:00Z,206,206
2026-06-17T15:54:00Z,56,56
2026-06-17T15:55:00Z,150,150
2026-06-17T15:56:00Z,103,103
2026-06-17T15:57:00Z,103,103
2026-06-17T15:58:00Z,200,200
2026-06-17T15:59:00Z,213,213
2026-06-17T23:14:00Z,24,24
2026-06-17T23:15:00Z,30,30
2026-06-17T23:41:00Z,1,1
2026-06-17T23:42:00Z,4,4
2026-06-17T23:43:00Z,3,3
2026-06-17T23:44:00Z,3,3
2026-06-17T23:45:00Z,3,3
2026-06-17T23:49:00Z,7,7
2026-06-17T23:50:00Z,2,2
2026-06-17T23:51:00Z,6,6
2026-06-17T23:53:00Z,3,3
2026-06-17T23:56:00Z,12,12
2026-06-17T23:57:00Z,3,3
2026-06-18T00:04:00Z,4,4
2026-06-18T12:04:00Z,75,75
2026-06-18T12:05:00Z,48,48
