hour_utc,n_captures
2026-05-16T11:00Z,2
2026-05-16T12:00Z,2
2026-05-16T13:00Z,2
2026-05-16T14:00Z,2
2026-05-16T18:00Z,3
2026-05-16T19:00Z,1
2026-05-17T02:00Z,5
2026-05-17T03:00Z,29
2026-05-17T04:00Z,12
2026-05-17T05:00Z,5
2026-05-17T06:00Z,1
2026-05-17T08:00Z,1
2026-05-17T17:00Z,5
2026-05-17T18:00Z,42
2026-05-17T19:00Z,145
2026-05-17T20:00Z,98
2026-05-17T21:00Z,17
2026-05-17T22:00Z,136
2026-05-18T00:00Z,17
2026-05-18T01:00Z,4
2026-05-18T02:00Z,7
2026-05-18T03:00Z,3
2026-05-18T04:00Z,14
2026-05-18T05:00Z,19
2026-05-18T06:00Z,22
2026-05-18T07:00Z,53
2026-05-18T08:00Z,13
2026-05-18T09:00Z,24
2026-05-18T10:00Z,9
2026-05-19T08:00Z,1
2026-05-20T08:00Z,1
2026-05-20T09:00Z,1
