iso_ts,url,status,mime,digest,collection,filename,in_incident_window,out_window_side
2026-05-26T07:31:19+00:00,https://portal.max.gov/portal/document/SF133/Budget/attachments/2346466575/2374423602.pdf,200,application/pdf,W2TPXOCLHOAXU2I7LGHOLMQCBVCVNCWV,SAWP5,save-merged-p108.arquivo.pt-20260526165627-USXNY0Y7R7.warc.gz,True,
2026-05-26T07:31:22+00:00,https://portal.max.gov/portal/document/SF133/Budget/attachments/2346466575/2398882076.pdf,200,application/pdf,NWX62NYLRFHNOBSF3MRHZ7BN4NLR6SKD,SAWP5,save-merged-p108.arquivo.pt-20260526165648-6BC47MQUVE.warc.gz,True,
2026-05-26T07:31:49+00:00,https://portal.max.gov/portal/document/SF133/Budget/attachments/2346466575/2374423602.pdf,200,application/pdf,W2TPXOCLHOAXU2I7LGHOLMQCBVCVNCWV,SAWP5,save-merged-p108.arquivo.pt-20260526165627-USXNY0Y7R7.warc.gz,True,
2026-05-26T07:43:32+00:00,https://portal.max.gov/portal/document/SF133/Budget/attachments/2346466575/2374423602.pdf,200,application/pdf,W2TPXOCLHOAXU2I7LGHOLMQCBVCVNCWV,SAWP5,save-merged-p108.arquivo.pt-20260526165530-QHOSU6OWVS.warc.gz,True,
2026-05-26T07:50:36+00:00,https://portal.max.gov/portal/document/SF133/Budget/attachments/2346466575/2374423602.pdf,200,application/pdf,W2TPXOCLHOAXU2I7LGHOLMQCBVCVNCWV,SAWP5,save-merged-p108.arquivo.pt-20260526165627-USXNY0Y7R7.warc.gz,True,
2026-05-26T07:50:38+00:00,http://portal.max.gov/portal/document/SF133/Budget/attachments/2346466575/2374423602.pdf,301,text/html,HBEGNUAACARWIYAO73DL3Q7BI7MXANB2,SAWP5,save-merged-p108.arquivo.pt-20260526165648-6BC47MQUVE.warc.gz,True,
2026-05-26T07:50:39+00:00,https://portal.max.gov/portal/document/SF133/Budget/FY%202023%20-%20SF%20133%20Reports%20on%20Budget%20Execution%20and%20Budgetary%20Resources.html,200,text/html,BIZBIS6QI7GJQR27M7N5ZINWD6DJKKAB,SAWP5,save-merged-p108.arquivo.pt-20260526165620-LADSRBVYZD.warc.gz,True,
2026-05-26T07:51:23+00:00,https://portal.max.gov/portal/document/SF133/Budget/attachments/2346466575/2374423602.pdf,200,application/pdf,W2TPXOCLHOAXU2I7LGHOLMQCBVCVNCWV,SAWP5,save-merged-p108.arquivo.pt-20260526165648-6BC47MQUVE.warc.gz,True,
2026-05-26T07:51:30+00:00,https://portal.max.gov/portal/document/SF133/Budget/attachments/2346466575/2374423602.pdf,200,application/pdf,W2TPXOCLHOAXU2I7LGHOLMQCBVCVNCWV,SAWP5,save-merged-p108.arquivo.pt-20260526165550-5X6EB0KO1E.warc.gz,True,
2026-05-26T08:05:25+00:00,https://portal.max.gov/portal/document/SF133/Budget/attachments/2346466575/2398882076.pdf,200,application/pdf,NWX62NYLRFHNOBSF3MRHZ7BN4NLR6SKD,SAWP5,save-merged-p108.arquivo.pt-20260526165620-LADSRBVYZD.warc.gz,True,
2026-05-26T08:22:26+00:00,https://portal.max.gov/portal/document/SF133/Budget/attachments/2346466575/2374423602.pdf,200,application/pdf,W2TPXOCLHOAXU2I7LGHOLMQCBVCVNCWV,SAWP5,save-merged-p108.arquivo.pt-20260526165627-USXNY0Y7R7.warc.gz,True,
2026-05-26T08:26:02+00:00,https://portal.max.gov/portal/document/SF133/Budget/attachments/2346466575/2374423602.pdf,200,application/pdf,W2TPXOCLHOAXU2I7LGHOLMQCBVCVNCWV,SAWP5,save-merged-p108.arquivo.pt-20260526165648-6BC47MQUVE.warc.gz,True,
2026-05-26T09:25:35+00:00,https://portal.max.gov/portal/document/SF133/Budget/attachments/2346466575/2374423602.pdf?0.5722951149632984,200,application/pdf,W2TPXOCLHOAXU2I7LGHOLMQCBVCVNCWV,SAWP5,save-merged-p106.arquivo.pt-20260526165214-0QU2G4L2CB.warc.gz,True,
2026-05-26T09:25:38+00:00,https://portal.max.gov/portal/document/SF133/Budget/attachments/2346466575/2374423602.pdf?0.05170511826196966,200,application/pdf,W2TPXOCLHOAXU2I7LGHOLMQCBVCVNCWV,SAWP5,save-merged-p106.arquivo.pt-20260526165214-0QU2G4L2CB.warc.gz,True,
2026-05-26T09:50:00+00:00,https://portal.max.gov/portal/document/SF133/Budget/attachments/2346466575/2374423602.pdf?cb=65554,200,application/pdf,W2TPXOCLHOAXU2I7LGHOLMQCBVCVNCWV,SAWP5,save-merged-p106.arquivo.pt-20260526165214-0QU2G4L2CB.warc.gz,True,
2026-05-26T09:50:02+00:00,https://portal.max.gov/portal/document/SF133/Budget/attachments/2346466575/2374423602.pdf?cb=84392,200,application/pdf,W2TPXOCLHOAXU2I7LGHOLMQCBVCVNCWV,SAWP5,save-merged-p106.arquivo.pt-20260526165207-UGBJTI6N8J.warc.gz,True,
2026-05-26T09:50:06+00:00,https://portal.max.gov/portal/document/SF133/Budget/attachments/2346466575/2374423602.pdf?cb=72862,200,application/pdf,W2TPXOCLHOAXU2I7LGHOLMQCBVCVNCWV,SAWP5,save-merged-p106.arquivo.pt-20260526165214-0QU2G4L2CB.warc.gz,True,
2026-05-26T09:50:08+00:00,https://portal.max.gov/portal/document/SF133/Budget/attachments/2346466575/2374423602.pdf?cb=56887,200,application/pdf,W2TPXOCLHOAXU2I7LGHOLMQCBVCVNCWV,SAWP5,save-merged-p106.arquivo.pt-20260526165214-0QU2G4L2CB.warc.gz,True,
2026-05-26T09:50:12+00:00,https://portal.max.gov/portal/document/SF133/Budget/attachments/2346466575/2398882076.pdf?cb=83447,200,application/pdf,NWX62NYLRFHNOBSF3MRHZ7BN4NLR6SKD,SAWP5,save-merged-p106.arquivo.pt-20260526165214-0QU2G4L2CB.warc.gz,True,
2026-05-26T09:50:13+00:00,https://portal.max.gov/portal/document/SF133/Budget/attachments/2346466575/2398882076.pdf?cb=2696,200,application/pdf,NWX62NYLRFHNOBSF3MRHZ7BN4NLR6SKD,SAWP5,save-merged-p106.arquivo.pt-20260526165214-0QU2G4L2CB.warc.gz,True,
2026-05-26T09:50:17+00:00,https://portal.max.gov/portal/document/SF133/Budget/attachments/2346466575/2398882076.pdf?cb=18949,200,application/pdf,NWX62NYLRFHNOBSF3MRHZ7BN4NLR6SKD,SAWP5,save-merged-p106.arquivo.pt-20260526165228-RPV3J4XIPA.warc.gz,True,
2026-05-26T09:50:19+00:00,https://portal.max.gov/portal/document/SF133/Budget/attachments/2346466575/2398882076.pdf?cb=75401,200,application/pdf,NWX62NYLRFHNOBSF3MRHZ7BN4NLR6SKD,SAWP5,save-merged-p106.arquivo.pt-20260526165214-0QU2G4L2CB.warc.gz,True,
2026-05-26T09:50:49+00:00,https://portal.max.gov/portal/document/SF133/Budget/attachments/2346466575/2398882076.pdf,200,application/pdf,NWX62NYLRFHNOBSF3MRHZ7BN4NLR6SKD,SAWP5,save-merged-p106.arquivo.pt-20260526165147-2BTYMY43MY.warc.gz,True,
2026-05-26T09:50:52+00:00,https://portal.max.gov/portal/document/SF133/Budget/attachments/2346466575/2398882076.pdf,200,application/pdf,NWX62NYLRFHNOBSF3MRHZ7BN4NLR6SKD,SAWP5,save-merged-p106.arquivo.pt-20260526165214-0QU2G4L2CB.warc.gz,True,
2026-05-26T10:38:29+00:00,https://portal.max.gov/portal/document/SF133/Budget/attachments/2346466575/2374423602.pdf,200,application/pdf,W2TPXOCLHOAXU2I7LGHOLMQCBVCVNCWV,SAWP5,save-merged-p107.arquivo.pt-20260526164858-0F6WNM17HE.warc.gz,True,
2026-05-26T10:42:34+00:00,https://portal.max.gov/portal/document/SF133/Budget/attachments/2346466575/2374423602.pdf,200,application/pdf,W2TPXOCLHOAXU2I7LGHOLMQCBVCVNCWV,SAWP5,save-merged-p107.arquivo.pt-20260526164713-C9STOJ1X7P.warc.gz,True,
