rank	title	json_ok	min_ts	empty	local_note	api_status	api_oldest_ts	verdict
129	Lady Gaga	1	2020-01-01T09:37:12Z	0		OK	2020-01-01T09:37:12Z	OK
130	Furious (TV series)	1	2026-06-28T03:02:52Z	0		OK	2026-06-28T03:02:52Z	OK
131	Zohran Mamdani	1	2020-07-22T18:31:37Z	0		OK	2020-07-22T18:31:37Z	OK
132	Sex	1	2020-01-29T03:06:41Z	0		OK	2020-01-29T03:06:41Z	OK
133	Mohamed Atta	1	2020-01-02T18:49:29Z	0		OK	2020-01-02T18:49:29Z	OK
134	World Trade Center (1973–2001)	1	2020-01-02T01:30:20Z	0		OK	2020-01-02T01:30:20Z	OK
135	Arch Manning	1	2020-10-04T02:05:51Z	0		OK	2020-10-04T02:05:51Z	OK
136	XXX	1	2020-05-21T18:53:37Z	0		OK	2020-05-21T18:53:37Z	OK
137	Chad Gilbert	1	2020-01-08T12:58:38Z	0		OK	2020-01-08T12:58:38Z	OK
138	Tim Curry	1	2020-01-01T04:21:08Z	0		OK	2020-01-01T04:21:08Z	OK
139	Avengers: Doomsday	1	2020-12-17T18:18:03Z	0		OK	2020-12-17T18:18:03Z	OK
140	Katseye	1	2023-11-18T04:42:55Z	0		OK	2023-11-18T04:42:55Z	OK
141	Alternative for Germany	1	2020-01-01T09:32:15Z	0		OK	2020-01-01T09:32:15Z	OK
142	Cristiano Ronaldo	1	2020-01-03T06:31:53Z	0		OK	2020-01-03T06:31:53Z	OK
143	Vicky Krieps	1	2020-03-01T06:00:15Z	0		OK	2020-03-01T06:00:15Z	OK
144	Reacher (TV series)	1	2020-01-17T21:24:28Z	0		OK	2020-01-17T21:24:28Z	OK
145	Charlie Hunnam	1	2020-01-01T16:09:10Z	0		OK	2020-01-01T16:09:10Z	OK
146	2026 Saxony-Anhalt state election	1	2022-06-04T19:00:46Z	0		OK	2022-06-04T19:00:46Z	OK
147	Mayday (2026 film)	1	2023-06-08T23:43:05Z	0		OK	2023-06-08T23:43:05Z	OK
148	Hijackers in the September 11 attacks	1	2020-01-04T14:43:23Z	0		OK	2020-01-04T14:43:23Z	OK
149	Tom Bateman (actor)	1	2020-01-01T22:39:45Z	0		OK	2020-01-01T22:39:45Z	OK
150	XNXX	1	2020-06-28T11:53:57Z	0		OK	2020-06-28T11:53:57Z	OK
151	Guy Ritchie	1	2020-01-03T23:59:20Z	0		OK	2020-01-03T23:59:20Z	OK
152	Mamitha Baiju	1	2021-06-06T07:58:33Z	0		OK	2021-06-06T07:58:33Z	OK
153	Hope (2026 film)	1	2024-10-05T12:18:34Z	0		OK	2024-10-05T12:18:34Z	OK
154	Annette Bening	1	2020-01-05T04:48:48Z	0		OK	2020-01-05T04:48:48Z	OK
155	Ed Gein	1	2020-01-02T04:31:01Z	0		OK	2020-01-02T04:31:01Z	OK
156	Irumudi	1	2026-07-08T07:02:09Z	0		OK	2026-07-08T07:02:09Z	OK
157	John Ternus	1	2021-03-17T15:22:00Z	0		OK	2021-03-17T15:22:00Z	OK
158	2026 in film	1	2025-01-14T18:25:53Z	0		OK	2025-01-14T18:25:53Z	OK
159	2026 United States elections	1	2022-03-21T05:27:10Z	0		OK	2022-03-21T05:27:10Z	OK
160	Casualties of the September 11 attacks	1	2020-01-03T13:40:36Z	0		OK	2020-01-03T13:40:36Z	OK
161	Austin Abrams	1	2020-01-02T11:20:22Z	0		OK	2020-01-02T11:20:22Z	OK
162	Tom Cruise	1	2020-01-03T17:32:59Z	0		OK	2020-01-03T17:32:59Z	OK
163	Roblox	1	2020-01-03T15:01:04Z	0		OK	2020-01-03T15:01:04Z	OK
164	World War II	1	2020-01-12T11:22:12Z	0		OK	2020-01-12T11:22:12Z	OK
165	MobLand	1	2024-02-28T18:58:03Z	0		OK	2024-02-28T18:58:03Z	OK
166	Warren Beatty	1	2020-01-04T22:24:25Z	0		OK	2020-01-04T22:24:25Z	OK
167	Tom Holland	1	2020-01-01T10:03:39Z	0		OK	2020-01-01T10:03:39Z	OK
168	Nicole Kidman	1	2020-01-01T09:51:12Z	0		OK	2020-01-01T09:51:12Z	OK
169	American Airlines Flight 11	1	2020-01-05T01:19:24Z	0		OK	2020-01-05T01:19:24Z	OK
170	Riley Green	1	2020-01-02T19:38:02Z	0		OK	2020-01-02T19:38:02Z	OK
171	Kaley Cuoco	1	2020-01-03T17:35:22Z	0		OK	2020-01-03T17:35:22Z	OK
172	UFC 331	1	2026-07-08T19:36:32Z	0		OK	2026-07-08T19:36:32Z	OK
173	Opinion polling for the next United Kingdom general election	1	2024-05-22T15:55:32Z	0		OK	2024-05-22T15:55:32Z	OK
174	Constance Fisher	1	2023-03-16T16:18:31Z	0		OK	2023-03-16T16:18:31Z	OK
175	Ryan Garcia	1	2020-01-05T17:58:07Z	0		OK	2020-01-05T17:58:07Z	OK
176	Sitee	1	2020-08-10T00:19:50Z	0		OK	2020-08-10T00:19:50Z	OK
177	Andy Burnham	1	2020-01-02T22:37:26Z	0		OK	2020-01-02T22:37:26Z	OK
178	Mariska Hargitay	1	2020-01-02T11:10:59Z	0		OK	2020-01-02T11:10:59Z	OK
179	Houthis	1	2020-01-03T14:22:30Z	0		OK	2020-01-03T14:22:30Z	OK
180	Dario Amodei	1	2023-07-12T14:01:17Z	0		OK	2023-07-12T14:01:17Z	OK
181	Theranos	1	2020-01-03T16:35:40Z	0		OK	2020-01-03T16:35:40Z	OK
182	Death of Nolan Wells	1	2026-07-15T04:16:48Z	0		OK	2026-07-15T04:16:48Z	OK
183	Resident Evil (film series)	1	2020-01-19T05:16:56Z	0		OK	2020-01-19T05:16:56Z	OK
184	Lionel Messi	1	2020-01-01T12:15:14Z	0		OK	2020-01-01T12:15:14Z	OK
185	Lance Oppenheim	1	2020-03-15T20:59:37Z	0		OK	2020-03-15T20:59:37Z	OK
186	XXXXX (album)	1	2026-07-20T15:45:23Z	0		OK	2026-07-20T15:45:23Z	OK
187	Murder of Tupac Shakur	1	2020-01-02T08:09:05Z	0		OK	2020-01-02T08:09:05Z	OK
188	Dorothy (film)	1	2026-08-05T00:31:00Z	0		OK	2026-08-05T00:31:00Z	OK
189	Bryan Shelton	1	2020-07-08T18:45:43Z	0		OK	2020-07-08T18:45:43Z	OK
190	JJ Gabriel	1	2025-09-30T14:21:23Z	0		OK	2025-09-30T14:21:23Z	OK
191	Taylor Swift	1	2020-01-01T06:26:04Z	0		OK	2020-01-01T06:26:04Z	OK
192	James Talarico	1	2020-01-27T20:13:08Z	0		OK	2020-01-27T20:13:08Z	OK
193	Hasan Piker	1	2026-03-24T13:19:14Z	0		OK	2020-07-12T02:53:36Z	TRUNCATED
194	Jeffrey Dahmer	1	2020-01-16T05:14:19Z	0		OK	2020-01-16T05:14:19Z	OK
195	Elizabeth II	1	2020-01-03T00:34:41Z	0		OK	2020-01-03T00:34:41Z	OK
196	Charles Spencer, 9th Earl Spencer	1	2020-01-01T01:38:10Z	0		OK	2020-01-01T01:38:10Z	OK
197	2026 Formula One World Championship	1	2022-09-05T18:58:58Z	0		OK	2022-09-05T18:58:58Z	OK
198	Ella Langley	1	2024-07-07T00:07:59Z	0		OK	2024-07-07T00:07:59Z	OK
199	Benjamin Netanyahu	1	2020-01-04T16:57:32Z	0		OK	2020-01-04T16:57:32Z	OK
200	Resident Evil	1	2020-01-05T16:20:19Z	0		OK	2020-01-05T16:20:19Z	OK
203	Ruth Kearney	1	2020-02-17T10:28:36Z	0		OK	2020-02-17T10:28:36Z	OK
204	Tom Pelphrey	1	2020-01-07T17:13:22Z	0		OK	2020-01-07T17:13:22Z	OK
205	Google	1	2020-01-02T10:45:58Z	0		OK	2020-01-02T10:45:58Z	OK
206	Elon Musk	1	2020-01-01T22:06:11Z	0		OK	2020-01-01T22:06:11Z	OK
207	Madonna	1	2020-01-03T17:20:18Z	0		OK	2020-01-03T17:20:18Z	OK
208	Maria Sten	1	2020-01-03T14:43:27Z	0		OK	2020-01-03T14:43:27Z	OK
209	American Horror Story	1	2020-01-02T23:29:52Z	0		OK	2020-01-02T23:29:52Z	OK
210	Elizabeth Báthory	1	2020-01-01T10:43:44Z	0		OK	2020-01-01T10:43:44Z	OK
211	American Horror Story: 13	1	2026-05-18T02:43:24Z	0		OK	2026-05-18T02:43:24Z	OK
212	DC (film)	1	2025-11-01T19:53:38Z	0		OK	2025-11-01T19:53:38Z	OK
213	Haiwaan (film)	1	2025-08-26T14:09:45Z	0		OK	2025-08-26T14:09:45Z	OK
214	Zach Cregger	1	2020-01-09T01:48:09Z	0		OK	2020-01-09T01:48:09Z	OK
215	Artificial intelligence	1	2020-01-04T13:25:43Z	0		OK	2020-01-04T13:25:43Z	OK
216	United Kingdom	1	2020-01-01T21:19:06Z	0		OK	2020-01-01T21:19:06Z	OK
217	Anne Hathaway	1	2020-01-07T14:52:57Z	0		OK	2020-01-07T14:52:57Z	OK
218	Keri Russell	1	2020-01-03T02:26:06Z	0		OK	2020-01-03T02:26:06Z	OK
219	Tupac Shakur	1	2020-01-12T10:13:21Z	0		OK	2020-01-12T10:13:21Z	OK
220	Jenna Dewan	1	2020-01-02T22:12:38Z	0		OK	2020-01-02T22:12:38Z	OK
221	Alice Weidel	1	2020-02-09T06:51:36Z	0		OK	2020-02-09T06:51:36Z	OK
222	european election 2014	1		1		NO_REVISIONS		API_NO_REVISIONS
223	Bigg Boss (Tamil TV series) season 10	1	2026-02-17T22:54:16Z	0		OK	2026-02-17T22:54:16Z	OK
224	List of highest-grossing Malayalam films	1	2020-01-10T15:40:43Z	0		OK	2020-01-10T15:40:43Z	OK
225	Miley Cyrus	1	2020-01-06T18:02:41Z	0		OK	2020-01-06T18:02:41Z	OK
226	Labor Day	1	2020-02-06T18:13:37Z	0		OK	2020-02-06T18:13:37Z	OK
227	Nigella Lawson	1	2020-01-05T12:37:51Z	0		OK	2020-01-05T12:37:51Z	OK
228	2026 US Open – Men's singles	1	2026-08-18T23:40:30Z	0		OK	2026-08-18T23:40:30Z	OK
229	Stella Lefty	1	2026-05-22T03:05:37Z	0		OK	2026-05-22T03:05:37Z	OK
230	Coco Gauff	1	2020-01-05T21:16:11Z	0		OK	2020-01-05T21:16:11Z	OK
231	Navier–Stokes equations	1	2020-01-08T13:08:12Z	0		OK	2020-01-08T13:08:12Z	OK
232	Sarah Paulson	1	2020-01-01T21:05:23Z	0		OK	2020-01-01T21:05:23Z	OK
233	Facebook	1	2020-01-03T23:06:41Z	0		OK	2020-01-03T23:06:41Z	OK
234	Andrea Yates	1	2020-03-06T04:05:50Z	0		OK	2020-03-06T04:05:50Z	OK
235	Mitch McConnell	1	2020-01-02T18:25:05Z	0		OK	2020-01-02T18:25:05Z	OK
236	Z-Library	1	2020-10-15T22:45:30Z	0		OK	2020-10-15T22:45:30Z	OK
237	Anthony Bourdain	1	2020-01-07T05:08:15Z	0		OK	2020-01-07T05:08:15Z	OK
238	The Uprising (2026 film)	1	2022-05-20T16:56:45Z	0		OK	2022-05-20T16:56:45Z	OK
239	List of American films of 2026	1	2024-02-05T21:47:54Z	0		OK	2024-02-05T21:47:54Z	OK
240	Adolf Hitler	1	2020-01-23T07:10:25Z	0		OK	2020-01-23T07:10:25Z	OK
241	Charles III	1	2020-01-11T06:40:24Z	0		OK	2020-01-11T06:40:24Z	OK
242	Abdul El-Sayed	1	2020-01-08T17:43:04Z	0		OK	2020-01-08T17:43:04Z	OK
243	Sam Altman	1	2020-01-27T19:46:30Z	0		OK	2020-01-27T19:46:30Z	OK
244	Khalid Sheikh Mohammed	1	2020-01-01T08:43:13Z	0		OK	2020-01-01T08:43:13Z	OK
245	Rebecca Hall	1	2020-01-15T01:52:47Z	0		OK	2020-01-15T01:52:47Z	OK
246	Sylvester Stallone	1	2020-01-02T02:44:41Z	0		OK	2020-01-02T02:44:41Z	OK
247	Nance O'Neil	1	2020-01-06T00:34:09Z	0		OK	2020-01-06T00:34:09Z	OK
248	Verity (novel)	1	2024-07-15T19:43:04Z	0		OK	2024-07-15T19:43:04Z	OK
249	Qazi Touqeer	1	2020-01-04T22:57:38Z	0		OK	2020-01-04T22:57:38Z	OK
250	Diana, Princess of Wales	1	2020-01-09T21:26:31Z	0		OK	2020-01-09T21:26:31Z	OK
251	The Runner (2026 film)	1	2024-11-11T18:07:17Z	0		OK	2024-11-11T18:07:17Z	OK
252	Robert Pattinson	1	2020-01-04T06:02:34Z	0		OK	2020-01-04T06:02:34Z	OK
